Aakithya,Abayakoon,Aakithya.VSzhk.83978.Abayakoon,VSzhk.83978,9,2,1988
Aannya,Abeynaike,Aannya.GIceh.71954.Abeynaike,GIceh.71954,12,9,1989
Abeesha,Amarasekara,Abeesha.LQvit.04501.Amarasekar,LQvit.04501,8,3,1980
Abimani,Amarasinghe,Abimani.FFfli.35364.Amarasingh,FFfli.35364,11,9,1979
Abimannya,Balasuriya,Abimannya.MSsjj.29937.Balasuri,MSsjj.29937,10,0,1978
Abishani,Bandara,Abishani.GAchh.89249.Bandara,GAchh.89249,1,6,1978
Achinthya,Bandaranaike,Achinthya.QAhyh.00767.Bandaran,QAhyh.00767,17,7,1990
Adele,Dahanayake,Adele.FKhxp.22415.Dahanayake,FKhxp.22415,7,1,1979
Adishani,Dassanayake,Adishani.DMxcw.24459.Dassanaya,DMxcw.24459,10,5,1984
Adithi,De Abrew,Adithi.DKisj.47765.DeAbrew,DKisj.47765,13,9,1982
Agrani,De Alwis,Agrani.LXspo.28385.DeAlwis,LXspo.28385,12,8,1992
Ahansa,Dissanayake,Ahansa.PGiso.86318.Dissanayake,PGiso.86318,9,10,1979
Aharsha,Ekanayake,Aharsha.UOkqa.17775.Ekanayake,UOkqa.17775,25,6,1983
Ahasika,Fernando,Ahasika.KRcjy.63785.Fernando,KRcjy.63785,22,3,1996
Akarsha,Fonseca,Akarsha.CXyle.83642.Fonseca,CXyle.83642,4,9,1986
Akeesha,Gamage,Akeesha.UVczu.89340.Gamage,UVczu.89340,18,1,1993
Akenya,Gunaratne,Akenya.LAlzd.19208.Gunaratne,LAlzd.19208,5,7,1983
Akeshia,Gunasekera,Akeshia.VQubn.33685.Gunasekera,VQubn.33685,23,5,1990
Akethya,Gunawardena,Akethya.QZpsa.99543.Gunawarden,QZpsa.99543,10,0,1978
Akithma,Hathurusingha,Akithma.UHhxc.48692.Hathurusin,UHhxc.48692,9,5,1986
Akshadi,Herath,Akshadi.WLgsn.92559.Herath,WLgsn.92559,5,5,1992
Alanah,Jayakody,Alanah.XJwnj.77560.Jayakody,XJwnj.77560,23,2,1985
Aliyah,Jayaratne,Aliyah.EBctu.24604.Jayaratne,EBctu.24604,17,1,1992
Amalmi,Jayasinghe,Amalmi.FFojl.88555.Jayasinghe,FFojl.88555,10,7,1994
Amandi,Jayatilleka,Amandi.VRyjn.19282.Jayatilleka,VRyjn.19282,18,4,1979
Amasha,Jayatissa,Amasha.KUczz.70765.Jayatissa,KUczz.70765,4,9,1987
Amashi,Jayawickrama,Amashi.LCysq.55038.Jayawickram,LCysq.55038,16,7,1995
Amaya,Jayewardene,Amaya.DTpmc.28440.Jayewardene,DTpmc.28440,14,3,1986
Ameesha,Karunaratne,Ameesha.ALgif.13168.Karunaratn,ALgif.13168,1,2,1987
Amelia,Liyanage,Amelia.YGddb.54262.Liyanage,YGddb.54262,1,0,1985
Amilka,Mendis,Amilka.SKdbe.73350.Mendis,SKdbe.73350,27,7,1988
Amindi,Nandasiri,Amindi.QIvoa.45735.Nandasiri,QIvoa.45735,7,2,1996
Anagi,Pathirana,Anagi.WCgmh.33949.Pathirana,WCgmh.33949,15,9,1989
Anannya,Peiris,Anannya.OUfog.52591.Peiris,OUfog.52591,27,3,1980
Andreyana,Perera,Andreyana.QOsnx.09392.Perera,QOsnx.09392,26,10,1991
Anoshi,Premaratne,Anoshi.LRsin.01597.Premaratne,LRsin.01597,19,4,1982
Anudima,Rajapaksa,Anudima.TCkaa.06278.Rajapaksa,TCkaa.06278,22,1,1996
Anuhansi,Rajasekara,Anuhansi.YSitr.37605.Rajasekar,YSitr.37605,15,8,1988
Anuki,Ramanayake,Anuki.KYstx.39738.Ramanayake,KYstx.39738,22,9,1979
Anushima,Ranaweera,Anushima.ALowy.66704.Ranaweera,ALowy.66704,4,1,1978
Anuthmi,Ratnayake,Anuthmi.EBrtp.75566.Ratnayake,EBrtp.75566,23,4,1994
Apsara,Samarasekera,Apsara.VZftz.50632.Samaraseker,VZftz.50632,5,0,1989
Araddya,Samarasinghe,Araddya.FAylp.77928.Samarasing,FAylp.77928,13,0,1980
Araliya,Senanayake,Araliya.GHpmw.21186.Senanayake,GHpmw.21186,6,4,1985
Areli,Senasinghe,Areli.QElyw.76145.Senasinghe,QElyw.76145,4,6,1997
Arkarshi,Seneviratne,Arkarshi.VFyse.33937.Senevirat,VFyse.33937,21,10,1984
Aroshi,Silva,Aroshi.XDlmm.63305.Silva,XDlmm.63305,6,5,1996
Aroshika,Subasinghe,Aroshika.JXcwv.14949.Subasingh,JXcwv.14949,1,1,1985
Arundi,Udawatte,Arundi.DYnkn.52685.Udawatte,DYnkn.52685,25,6,1997
Ashani,Warakagoda,Ashani.AXtvs.56394.Warakagoda,AXtvs.56394,11,8,1994
Ashaya,Weeraratne,Ashaya.YKlpi.45253.Weeraratne,YKlpi.45253,16,7,1997
Ashennya,Weerasekara,Ashennya.ABipl.60915.Weeraseka,ABipl.60915,13,1,1979
Ashinsa,Weerawansa,Ashinsa.QNbho.81758.Weerawansa,QNbho.81758,5,1,1979
Ashvika,Wickremasinghe,Ashvika.HKwpq.13855.Wickremasi,HKwpq.13855,8,10,1996
Ashvini,Wijeratne,Ashvini.FKbyz.42370.Wijeratne,FKbyz.42370,4,0,1992
Asini,Wijesuriya,Asini.XOhnh.35436.Wijesuriya,XOhnh.35436,11,10,1994
Athista,Wijewardene,Athista.BFieb.20767.Wijewarden,BFieb.20767,15,6,1993
Ayansa,Wikramanayake,Ayansa.UBvql.95028.Wikramanaya,UBvql.95028,26,5,1981
Ayeshma,Abayakoon,Ayeshma.SWozw.26230.Abayakoon,SWozw.26230,14,10,1996
Ayisha,Abeynaike,Ayisha.XDbiy.70654.Abeynaike,XDbiy.70654,17,5,1980
Ayoddya,Amarasekara,Ayoddya.DXwxm.93952.Amarasekar,DXwxm.93952,17,0,1992
Ayoni,Amarasinghe,Ayoni.NZpnd.92694.Amarasinghe,NZpnd.92694,22,9,1993
Ayuka,Balasuriya,Ayuka.UYqim.14807.Balasuriya,UYqim.14807,10,3,1986
Bashini,Bandara,Bashini.CHbna.18221.Bandara,CHbna.18221,24,10,1982
Basuri,Bandaranaike,Basuri.QMpfo.11713.Bandaranaik,QMpfo.11713,3,2,1990
Behansa,Dahanayake,Behansa.AGzoi.32889.Dahanayake,AGzoi.32889,11,5,1984
Bihakshi,Dassanayake,Bihakshi.WBpry.85359.Dassanaya,WBpry.85359,21,1,1979
Bihesha,De Abrew,Bihesha.HHsba.95415.DeAbrew,HHsba.95415,16,2,1991
Bilani,De Alwis,Bilani.QSmwq.29321.DeAlwis,QSmwq.29321,11,0,1984
Bilanka,Dissanayake,Bilanka.OQjpk.99309.Dissanayak,OQjpk.99309,21,0,1994
Bilesha,Ekanayake,Bilesha.RZyvo.51318.Ekanayake,RZyvo.51318,15,8,1982
Bimalka,Fernando,Bimalka.ZXwdg.77738.Fernando,ZXwdg.77738,11,0,1979
Bimalsha,Fonseca,Bimalsha.IUmqv.52859.Fonseca,IUmqv.52859,9,2,1987
Bimanli,Gamage,Bimanli.RHcmx.61299.Gamage,RHcmx.61299,24,3,1990
Bimashi,Gunaratne,Bimashi.JBekf.05513.Gunaratne,JBekf.05513,12,8,1996
Bimsari,Gunasekera,Bimsari.HLlmb.79804.Gunasekera,HLlmb.79804,22,6,1995
Binadi,Gunawardena,Binadi.LIxmx.28221.Gunawardena,LIxmx.28221,3,6,1990
Binakshi,Hathurusingha,Binakshi.IWzoa.41047.Hathurusi,IWzoa.41047,11,8,1995
Binali,Herath,Binali.TAwjs.67452.Herath,TAwjs.67452,17,6,1985
Binari,Jayakody,Binari.QRudk.84430.Jayakody,QRudk.84430,12,8,1985
Bindiya,Jayaratne,Bindiya.ITxds.21148.Jayaratne,ITxds.21148,22,3,1984
Binudi,Jayasinghe,Binudi.CNhws.50774.Jayasinghe,CNhws.50774,5,2,1982
Binuki,Jayatilleka,Binuki.ZZmmb.10439.Jayatilleka,ZZmmb.10439,10,5,1986
Binusha,Jayatissa,Binusha.KNjgx.54189.Jayatissa,KNjgx.54189,12,1,1983
Binuthi,Jayawickrama,Binuthi.JMtqj.70521.Jayawickra,JMtqj.70521,25,6,1992
Bivindi,Jayewardene,Bivindi.GVawq.85315.Jayewarden,GVawq.85315,11,2,1987
Buvani,Karunaratne,Buvani.SVegc.41885.Karunaratne,SVegc.41885,16,6,1987
Buwanija,Liyanage,Buwanija.UKygl.84236.Liyanage,UKygl.84236,24,0,1982
Chalani,Mendis,Chalani.IXzib.53902.Mendis,IXzib.53902,25,3,1997
Chalitha,Nandasiri,Chalitha.FVynj.43211.Nandasiri,FVynj.43211,22,3,1997
Chaluka,Pathirana,Chaluka.LAhmi.15912.Pathirana,LAhmi.15912,10,8,1986
Chalukkya,Peiris,Chalukkya.DIovh.74566.Peiris,DIovh.74566,20,2,1980
Chamallka,Perera,Chamallka.RPbhv.76113.Perera,RPbhv.76113,13,6,1994
Chamalsha,Premaratne,Chamalsha.GNder.22030.Premarat,GNder.22030,6,6,1993
Chamalshi,Rajapaksa,Chamalshi.TMoxn.18259.Rajapaks,TMoxn.18259,20,9,1984
Chamasha,Rajasekara,Chamasha.FUjcc.04548.Rajasekar,FUjcc.04548,11,3,1994
Chamathi,Ramanayake,Chamathi.DOfkq.52191.Ramanayak,DOfkq.52191,4,5,1992
Chamathka,Ranaweera,Chamathka.NRqvs.35404.Ranaweer,NRqvs.35404,5,6,1994
Chamilka,Ratnayake,Chamilka.QVijr.35703.Ratnayake,QVijr.35703,1,10,1981
Chamilki,Samarasekera,Chamilki.KPgis.90457.Samarasek,KPgis.90457,16,8,1979
Chamodhi,Samarasinghe,Chamodhi.AYmfe.73883.Samarasin,AYmfe.73883,14,8,1986
Chamothma,Senanayake,Chamothma.GQbpl.78699.Senanaya,GQbpl.78699,16,1,1991
Chamudi,Senasinghe,Chamudi.SEled.69636.Senasinghe,SEled.69636,21,2,1979
Chamuditha,Seneviratne,Chamuditha.JUkpi.69374.Senevir,JUkpi.69374,24,3,1982
Chandula,Silva,Chandula.DUpdb.47691.Silva,DUpdb.47691,17,3,1980
Chaneli,Subasinghe,Chaneli.FRvab.99440.Subasinghe,FRvab.99440,9,1,1988
Chanelka,Udawatte,Chanelka.PTjdv.14941.Udawatte,PTjdv.14941,3,0,1987
Chanethi,Warakagoda,Chanethi.VDnms.10232.Warakagod,VDnms.10232,16,5,1983
Chanudi,Weeraratne,Chanudi.MBwvu.59689.Weeraratne,MBwvu.59689,21,1,1982
Chanuthmi,Weerasekara,Chanuthmi.GHgwq.90617.Weerasek,GHgwq.90617,23,9,1983
Chanya,Weerawansa,Chanya.CIjio.96673.Weerawansa,CIjio.96673,16,0,1983
Charuka,Wickremasinghe,Charuka.OHych.48587.Wickremasi,OHych.48587,12,10,1988
Charukkya,Wijeratne,Charukkya.RQslj.10646.Wijeratn,RQslj.10646,12,1,1983
Charunndya,Wijesuriya,Charunndya.HFrra.33437.Wijesur,HFrra.33437,26,6,1986
Chasindi,Wijewardene,Chasindi.NDuiq.59130.Wijewarde,NDuiq.59130,5,9,1996
Chathuki,Wikramanayake,Chathuki.APteu.87015.Wikramana,APteu.87015,3,9,1991
Chathumika,Abayakoon,Chathumika.SDekz.16059.Abayako,SDekz.16059,2,8,1995
Chathunika,Abeynaike,Chathunika.TOgbi.95228.Abeynai,TOgbi.95228,3,6,1995
Chathurangai,Amarasekara,Chathurangai.VHklq.03088.Amara,VHklq.03088,23,9,1996
Chathushi,Amarasinghe,Chathushi.TRznt.12911.Amarasin,TRznt.12911,27,7,1981
Chavindi,Balasuriya,Chavindi.ZPonl.63233.Balasuriy,ZPonl.63233,1,5,1982
Chenethi,Bandara,Chenethi.UVyav.53519.Bandara,UVyav.53519,18,1,1997
Chenethma,Bandaranaike,Chenethma.PAzuf.85507.Bandaran,PAzuf.85507,7,4,1983
Chenethmi,Dahanayake,Chenethmi.HOunl.56633.Dahanaya,HOunl.56633,1,10,1983
Chenuli,Dassanayake,Chenuli.HTtyt.59503.Dassanayak,HTtyt.59503,13,1,1978
Chenumi,De Abrew,Chenumi.VOtvf.68627.DeAbrew,VOtvf.68627,16,6,1985
Chenushi,De Alwis,Chenushi.SElks.08048.DeAlwis,SElks.08048,1,7,1995
Chenuthi,Dissanayake,Chenuthi.ZJvig.71570.Dissanaya,ZJvig.71570,11,8,1979
Chethana,Ekanayake,Chethana.LGteb.24487.Ekanayake,LGteb.24487,16,10,1989
Chethika,Fernando,Chethika.ESblw.19465.Fernando,ESblw.19465,22,7,1986
Chethuni,Fonseca,Chethuni.ZNycf.70766.Fonseca,ZNycf.70766,7,2,1990
Chithika,Gamage,Chithika.PQmgr.98854.Gamage,PQmgr.98854,6,4,1979
Chithuki,Gunaratne,Chithuki.UPsxv.14729.Gunaratne,UPsxv.14729,18,4,1987
Chithuli,Gunasekera,Chithuli.IPxqf.92352.Gunaseker,IPxqf.92352,8,9,1992
Dahamdi,Gunawardena,Dahamdi.VAsof.69294.Gunawarden,VAsof.69294,18,10,1991
Dahamsa,Hathurusingha,Dahamsa.DWzlu.17362.Hathurusin,DWzlu.17362,23,8,1980
Dahamya,Herath,Dahamya.MZwjl.97234.Herath,MZwjl.97234,17,10,1991
Dalia,Jayakody,Dalia.VTilf.00684.Jayakody,VTilf.00684,27,2,1984
Dana,Jayaratne,Dana.UQniv.08119.Jayaratne,UQniv.08119,15,3,1996
Danara,Jayasinghe,Danara.CAoxn.19239.Jayasinghe,CAoxn.19239,2,9,1997
Danesha,Jayatilleka,Danesha.UVpsr.74210.Jayatillek,UVpsr.74210,25,6,1988
Dasini,Jayatissa,Dasini.ZXptw.10390.Jayatissa,ZXptw.10390,24,0,1994
Dehara,Jayawickrama,Dehara.DCfpu.73929.Jayawickram,DCfpu.73929,10,5,1982
Dehasa,Jayewardene,Dehasa.RDvba.00010.Jayewardene,RDvba.00010,13,6,1978
Dehemi,Karunaratne,Dehemi.XDsxw.69953.Karunaratne,XDsxw.69953,13,10,1982
Demini,Liyanage,Demini.ZQrwa.24748.Liyanage,ZQrwa.24748,23,4,1997
Deneesha,Mendis,Deneesha.BWvbd.72882.Mendis,BWvbd.72882,7,1,1978
Denethi,Nandasiri,Denethi.XMkew.06904.Nandasiri,XMkew.06904,7,3,1996
Denethmi,Pathirana,Denethmi.LBknj.31950.Pathirana,LBknj.31950,12,10,1980
Denethni,Peiris,Denethni.HJmgm.67120.Peiris,HJmgm.67120,5,2,1996
Denethu,Perera,Denethu.OGddm.69321.Perera,OGddm.69321,6,3,1993
Denisha,Premaratne,Denisha.WEdkm.58873.Premaratne,WEdkm.58873,19,3,1995
Denithi,Rajapaksa,Denithi.TPyhe.34589.Rajapaksa,TPyhe.34589,11,8,1987
Denudi,Rajasekara,Denudi.LPxci.21885.Rajasekara,LPxci.21885,21,9,1986
Denushka,Ramanayake,Denushka.TLdyz.95783.Ramanayak,TLdyz.95783,25,2,1995
Denuththara,Ranaweera,Denuththara.CWidi.41002.Ranawe,CWidi.41002,14,9,1996
Desanduli,Ratnayake,Desanduli.FPebd.15850.Ratnayak,FPebd.15850,22,3,1994
Desha,Samarasekera,Desha.YYwrk.73513.Samarasekera,YYwrk.73513,16,4,1980
Deshmi,Samarasinghe,Deshmi.MSkth.45169.Samarasingh,MSkth.45169,20,4,1979
Deshni,Senanayake,Deshni.FKcqy.14552.Senanayake,FKcqy.14552,9,1,1993
Devansa,Senasinghe,Devansa.EHmej.85168.Senasinghe,EHmej.85168,19,4,1991
Devansha,Seneviratne,Devansha.ZJtjc.50459.Senevirat,ZJtjc.50459,11,4,1983
Devarshi,Silva,Devarshi.KFqap.35622.Silva,KFqap.35622,11,6,1987
Devindi,Subasinghe,Devindi.RGbrq.80311.Subasinghe,RGbrq.80311,4,8,1978
Devoshi,Udawatte,Devoshi.RJltm.19143.Udawatte,RJltm.19143,15,3,1981
Devri,Warakagoda,Devri.CGdvf.20787.Warakagoda,CGdvf.20787,21,2,1981
Devsara,Weeraratne,Devsara.RLajf.09671.Weeraratne,RLajf.09671,11,0,1990
Dewdu,Weerasekara,Dewdu.MPjhz.82577.Weerasekara,MPjhz.82577,6,1,1993
Dewjani,Weerawansa,Dewjani.OEkyr.20454.Weerawansa,OEkyr.20454,1,0,1979
Dewni,Wickremasinghe,Dewni.LRpmf.15674.Wickremasing,LRpmf.15674,13,2,1992
Dewnithi,Wijeratne,Dewnithi.ORsat.92548.Wijeratne,ORsat.92548,19,1,1985
Dewthilini,Wijesuriya,Dewthilini.WKibg.43935.Wijesur,WKibg.43935,5,9,1987
Dhamli,Wijewardene,Dhamli.BTfwu.25073.Wijewardene,BTfwu.25073,12,6,1989
Dhamsha,Wikramanayake,Dhamsha.EWrcy.58931.Wikramanay,EWrcy.58931,17,2,1980
Diduli,Abayakoon,Diduli.YEwig.99395.Abayakoon,YEwig.99395,13,2,1996
Dihansa,Abeynaike,Dihansa.ZFkgd.87724.Abeynaike,ZFkgd.87724,4,2,1988
Dihara,Amarasekara,Dihara.LJrvt.03733.Amarasekara,LJrvt.03733,9,1,1979
Dihasa,Amarasinghe,Dihasa.VNiim.57156.Amarasinghe,VNiim.57156,26,4,1995
Diknitha,Balasuriya,Diknitha.OZmvu.72846.Balasuriy,OZmvu.72846,1,6,1991
Dilanka,Bandara,Dilanka.GFguy.40192.Bandara,GFguy.40192,22,3,1996
Dilansha,Bandaranaike,Dilansha.SNmau.39953.Bandarana,SNmau.39953,11,2,1987
Dilashi,Dahanayake,Dilashi.LDima.74835.Dahanayake,LDima.74835,19,8,1990
Dilenya,Dassanayake,Dilenya.CAvqw.21907.Dassanayak,CAvqw.21907,9,2,1992
Dilmani,De Abrew,Dilmani.ICvvy.14599.DeAbrew,ICvvy.14599,12,7,1979
Dilmi,De Alwis,Dilmi.QLdmc.84229.DeAlwis,QLdmc.84229,21,0,1986
Dilni,Dissanayake,Dilni.BJqnm.12443.Dissanayake,BJqnm.12443,12,10,1987
Diloshana,Ekanayake,Diloshana.THfff.23856.Ekanayak,THfff.23856,13,7,1989
Dilsara,Fernando,Dilsara.OZpef.91601.Fernando,OZpef.91601,10,9,1984
Dilshara,Fonseca,Dilshara.QHuhg.21701.Fonseca,QHuhg.21701,27,10,1991
Dilshari,Gamage,Dilshari.XOppu.01962.Gamage,XOppu.01962,6,7,1978
Dilshika,Gunaratne,Dilshika.DJyuh.49950.Gunaratne,DJyuh.49950,6,0,1984
Dilumi,Gunasekera,Dilumi.NKzpx.72606.Gunasekera,NKzpx.72606,11,10,1982
Dilusha,Gunawardena,Dilusha.XIlcc.11318.Gunawarden,XIlcc.11318,5,7,1993
Dimali,Hathurusingha,Dimali.ODvlp.74547.Hathurusing,ODvlp.74547,26,10,1983
Dimalmi,Herath,Dimalmi.BAmfv.15156.Herath,BAmfv.15156,11,4,1994
Dimathmi,Jayakody,Dimathmi.YDcms.35211.Jayakody,YDcms.35211,14,7,1996
Dimsara,Jayaratne,Dimsara.IAuns.62911.Jayaratne,IAuns.62911,23,8,1995
Dinadi,Jayasinghe,Dinadi.RUtcp.51873.Jayasinghe,RUtcp.51873,26,3,1996
Dinali,Jayatilleka,Dinali.QOdzy.88074.Jayatilleka,QOdzy.88074,26,2,1994
Dineli,Jayatissa,Dineli.WGzyb.47977.Jayatissa,WGzyb.47977,1,4,1987
Dinethma,Jayawickrama,Dinethma.GLdrt.56997.Jayawickr,GLdrt.56997,2,7,1980
Dinethmi,Jayewardene,Dinethmi.ZDyzj.52869.Jayewarde,ZDyzj.52869,20,8,1982
Dinethra,Karunaratne,Dinethra.ZIbax.80563.Karunarat,ZIbax.80563,1,8,1990
Dinethya,Liyanage,Dinethya.VJazq.39045.Liyanage,VJazq.39045,17,9,1983
Dinidi,Mendis,Dinidi.XWrsq.40653.Mendis,XWrsq.40653,24,8,1992
Dinili,Nandasiri,Dinili.ZCrlx.20878.Nandasiri,ZCrlx.20878,16,8,1981
Dinisara,Pathirana,Dinisara.OViqv.25791.Pathirana,OViqv.25791,23,8,1990
Dinithi,Peiris,Dinithi.MBcjc.32039.Peiris,MBcjc.32039,25,2,1989
Dinlini,Perera,Dinlini.TQnfd.02582.Perera,TQnfd.02582,23,2,1986
Dinsara,Premaratne,Dinsara.PLcca.97370.Premaratne,PLcca.97370,9,7,1990
Dinudi,Rajapaksa,Dinudi.NLgha.18358.Rajapaksa,NLgha.18358,18,1,1996
Dinudika,Rajasekara,Dinudika.WResy.96778.Rajasekar,WResy.96778,5,9,1994
Dinugi,Ramanayake,Dinugi.JHibs.99548.Ramanayake,JHibs.99548,13,2,1980
Dinujana,Ranaweera,Dinujana.ECeeq.05110.Ranaweera,ECeeq.05110,27,1,1997
Dinuji,Ratnayake,Dinuji.UTyws.52385.Ratnayake,UTyws.52385,10,10,1979
Dinuka,Samarasekera,Dinuka.FUlmz.03985.Samaraseker,FUlmz.03985,13,5,1979
Dinuki,Samarasinghe,Dinuki.WTtii.31822.Samarasingh,WTtii.31822,15,5,1997
Dinuli,Senanayake,Dinuli.UJxlr.39687.Senanayake,UJxlr.39687,15,6,1997
Dinuthi,Senasinghe,Dinuthi.CTdbi.54764.Senasinghe,CTdbi.54764,10,4,1979
Dinuthni,Seneviratne,Dinuthni.SHicq.00039.Senevirat,SHicq.00039,7,10,1993
Disana,Silva,Disana.HQmcb.28424.Silva,HQmcb.28424,2,6,1994
Disha,Subasinghe,Disha.CEifz.51656.Subasinghe,CEifz.51656,19,2,1978
Disuli,Udawatte,Disuli.SQzxw.29628.Udawatte,SQzxw.29628,13,2,1984
Dithmi,Warakagoda,Dithmi.HOtqy.71988.Warakagoda,HOtqy.71988,27,7,1996
Diveesha,Weeraratne,Diveesha.MEfub.35152.Weeraratn,MEfub.35152,6,3,1987
Divethma,Weerasekara,Divethma.LGhyl.28726.Weeraseka,LGhyl.28726,24,9,1990
Divyangani,Weerawansa,Divyangani.PQfxx.40077.Weerawa,PQfxx.40077,10,3,1991
Divyangi,Wickremasinghe,Divyangi.ZBgvk.45538.Wickremas,ZBgvk.45538,23,6,1983
Divyani,Wijeratne,Divyani.OGgiq.40578.Wijeratne,OGgiq.40578,15,9,1983
Divyanjali,Wijesuriya,Divyanjali.AHotp.07827.Wijesur,AHotp.07827,9,4,1980
Diyana,Wijewardene,Diyana.LMfjv.71687.Wijewardene,LMfjv.71687,11,7,1978
Diyansa,Wikramanayake,Diyansa.ZKgjh.53242.Wikramanay,ZKgjh.53242,13,9,1981
Diyoni,Abayakoon,Diyoni.QGnko.90605.Abayakoon,QGnko.90605,8,2,1996
Duasha,Abeynaike,Duasha.EMrgp.94602.Abeynaike,EMrgp.94602,21,5,1985
Duhara,Amarasekara,Duhara.ZAzci.49719.Amarasekara,ZAzci.49719,10,0,1980
Dulandara,Amarasinghe,Dulandara.VJmcy.12439.Amarasin,VJmcy.12439,4,4,1988
Dulangi,Balasuriya,Dulangi.ACpsb.17290.Balasuriya,ACpsb.17290,23,5,1980
Dulansa,Bandara,Dulansa.XJhdr.79511.Bandara,XJhdr.79511,23,1,1982
Dulanya,Bandaranaike,Dulanya.MRatf.60849.Bandaranai,MRatf.60849,10,0,1993
Dulashi,Dahanayake,Dulashi.ASzzk.03928.Dahanayake,ASzzk.03928,3,0,1980
Duleesha,Dassanayake,Duleesha.WGczc.59960.Dassanaya,WGczc.59960,3,1,1992
Dulesha,De Abrew,Dulesha.ZWipo.39962.DeAbrew,ZWipo.39962,2,4,1989
Duleshmi,De Alwis,Duleshmi.DPkiy.07178.DeAlwis,DPkiy.07178,9,7,1992
Duleshni,Dissanayake,Duleshni.OMyms.99704.Dissanaya,OMyms.99704,15,5,1980
Dulhara,Ekanayake,Dulhara.UHghc.70543.Ekanayake,UHghc.70543,6,4,1979
Dulini,Fernando,Dulini.DLrhe.73974.Fernando,DLrhe.73974,3,10,1987
Dulithi,Fonseca,Dulithi.PDyef.99824.Fonseca,PDyef.99824,12,9,1990
Dulmi,Gamage,Dulmi.BKfgf.63785.Gamage,BKfgf.63785,20,10,1982
Dulmitha,Gunaratne,Dulmitha.WGhdy.42718.Gunaratne,WGhdy.42718,5,6,1979
Dulnethi,Gunasekera,Dulnethi.OKgzb.99669.Gunaseker,OKgzb.99669,13,6,1979
Dulni,Gunawardena,Dulni.LVuws.05016.Gunawardena,LVuws.05016,2,5,1986
Dulnitha,Hathurusingha,Dulnitha.NGzzp.71209.Hathurusi,NGzzp.71209,21,4,1985
Dulshani,Herath,Dulshani.DVrhj.77994.Herath,DVrhj.77994,6,9,1979
Dulshara,Jayakody,Dulshara.PScnv.80747.Jayakody,PScnv.80747,17,6,1983
Dulshi,Jayaratne,Dulshi.YKxmy.51497.Jayaratne,YKxmy.51497,21,3,1982
Dumalami,Jayasinghe,Dumalami.VKoqw.28614.Jayasingh,VKoqw.28614,13,0,1979
Dumalsha,Jayatilleka,Dumalsha.QWtuf.27273.Jayatille,QWtuf.27273,11,10,1986
Dunara,Jayatissa,Dunara.LDuuc.98706.Jayatissa,LDuuc.98706,19,0,1993
Duneesha,Jayawickrama,Duneesha.KVtxb.91983.Jayawickr,KVtxb.91983,2,6,1986
Dunethma,Jayewardene,Dunethma.EBcdd.73587.Jayewarde,EBcdd.73587,8,7,1982
Dunithi,Karunaratne,Dunithi.HSlsj.81589.Karunaratn,HSlsj.81589,22,3,1982
Dushani,Liyanage,Dushani.CKnqx.38778.Liyanage,CKnqx.38778,21,5,1985
Duveni,Mendis,Duveni.KLhsf.17964.Mendis,KLhsf.17964,3,4,1995
Edith,Nandasiri,Edith.VYylf.84069.Nandasiri,VYylf.84069,3,10,1992
Eleesha,Pathirana,Eleesha.MNoqz.00037.Pathirana,MNoqz.00037,1,1,1991
Emasha,Peiris,Emasha.HEkoc.26158.Peiris,HEkoc.26158,6,8,1988
Esandi,Perera,Esandi.TLlwq.47561.Perera,TLlwq.47561,25,2,1984
Eshani,Premaratne,Eshani.MExoi.85652.Premaratne,MExoi.85652,27,5,1992
Gaguli,Rajapaksa,Gaguli.VNrbt.85526.Rajapaksa,VNrbt.85526,12,5,1997
Gavesha,Rajasekara,Gavesha.UKesc.27874.Rajasekara,UKesc.27874,23,1,1986
Gaweshi,Ramanayake,Gaweshi.ZUzhg.09961.Ramanayake,ZUzhg.09961,15,8,1984
Gawravi,Ranaweera,Gawravi.LMviq.42411.Ranaweera,LMviq.42411,21,4,1979
Gayandi,Ratnayake,Gayandi.JJyfd.63497.Ratnayake,JJyfd.63497,24,5,1983
Gayathma,Samarasekera,Gayathma.QNcfi.42872.Samarasek,QNcfi.42872,8,10,1992
Gayomi,Samarasinghe,Gayomi.VScyt.66266.Samarasingh,VScyt.66266,10,10,1996
Gayuki,Senanayake,Gayuki.HHaqv.45587.Senanayake,HHaqv.45587,22,2,1991
Gethmi,Senasinghe,Gethmi.APhrf.10586.Senasinghe,APhrf.10586,24,2,1995
Gevinnya,Seneviratne,Gevinnya.XIbca.29419.Senevirat,XIbca.29419,2,8,1984
Gihami,Silva,Gihami.QVicc.92160.Silva,QVicc.92160,24,9,1984
Gihanga,Subasinghe,Gihanga.YKnpu.98052.Subasinghe,YKnpu.98052,18,3,1990
Gimsara,Udawatte,Gimsara.BXhys.67942.Udawatte,BXhys.67942,17,0,1986
Gishonu,Warakagoda,Gishonu.ISvik.22735.Warakagoda,ISvik.22735,13,9,1979
Githma,Weeraratne,Githma.XIkfs.15583.Weeraratne,XIkfs.15583,17,8,1982
Githmi,Weerasekara,Githmi.IHmoh.50461.Weerasekara,IHmoh.50461,3,1,1992
Guwani,Weerawansa,Guwani.ELywl.56773.Weerawansa,ELywl.56773,5,4,1985
Hameesha,Wickremasinghe,Hameesha.BDynl.18290.Wickremas,BDynl.18290,18,2,1981
Hanishka,Wijeratne,Hanishka.KLtkg.32091.Wijeratne,KLtkg.32091,26,6,1994
Harini,Wijesuriya,Harini.JDqrz.15059.Wijesuriya,JDqrz.15059,27,4,1989
Harinya,Wijewardene,Harinya.CJpin.83311.Wijewarden,CJpin.83311,7,9,1978
Hasandi,Wikramanayake,Hasandi.DAkfd.46776.Wikramanay,DAkfd.46776,5,5,1997
Hasindi,Abayakoon,Hasindi.EGgzp.45728.Abayakoon,EGgzp.45728,14,4,1988
Hasmini,Abeynaike,Hasmini.VToib.85095.Abeynaike,VToib.85095,6,5,1992
Hemashi,Amarasekara,Hemashi.AJzmu.12660.Amarasekar,AJzmu.12660,2,0,1986
Heneesha,Amarasinghe,Heneesha.OUjyg.08769.Amarasing,OUjyg.08769,9,0,1988
Hesanya,Balasuriya,Hesanya.TSahv.88931.Balasuriya,TSahv.88931,20,7,1997
Heshadi,Bandara,Heshadi.JJyhu.63737.Bandara,JJyhu.63737,26,6,1981
Heshani,Bandaranaike,Heshani.OMcmn.92345.Bandaranai,OMcmn.92345,8,5,1980
Heshini,Dahanayake,Heshini.HHogt.73374.Dahanayake,HHogt.73374,8,7,1979
Heshmi,Dassanayake,Heshmi.NAxoc.54723.Dassanayake,NAxoc.54723,22,8,1988
Heshni,De Abrew,Heshni.VOsbx.50730.DeAbrew,VOsbx.50730,26,0,1995
Himansa,De Alwis,Himansa.XRwyd.53542.DeAlwis,XRwyd.53542,21,3,1984
Himara,Dissanayake,Himara.BYlda.85397.Dissanayake,BYlda.85397,16,6,1986
Himaya,Ekanayake,Himaya.GHlhb.97367.Ekanayake,GHlhb.97367,7,8,1981
Himena,Fernando,Himena.KOcmk.43641.Fernando,KOcmk.43641,4,2,1997
Himethmi,Fonseca,Himethmi.HMrbz.44720.Fonseca,HMrbz.44720,2,0,1979
Himsadi,Gamage,Himsadi.MDcmh.79940.Gamage,MDcmh.79940,11,0,1983
Hiranya,Gunaratne,Hiranya.FHwxg.22162.Gunaratne,FHwxg.22162,15,5,1991
Hiruja,Gunasekera,Hiruja.MXmgq.25492.Gunasekera,MXmgq.25492,23,5,1993
Hiruki,Gunawardena,Hiruki.PGdyo.67721.Gunawardena,PGdyo.67721,6,8,1992
Hirundi,Hathurusingha,Hirundi.VXaya.60720.Hathurusin,VXaya.60720,3,3,1983
Hitheshi,Herath,Hitheshi.ZZzie.41569.Herath,ZZzie.41569,18,10,1989
Hithmi,Jayakody,Hithmi.YWzjw.71036.Jayakody,YWzjw.71036,26,3,1980
Hithushi,Jayaratne,Hithushi.XWdlh.99378.Jayaratne,XWdlh.99378,22,7,1995
Ideesha,Jayasinghe,Ideesha.LDgfa.13572.Jayasinghe,LDgfa.13572,22,7,1979
Ilakshi,Jayatilleka,Ilakshi.RBjrl.74152.Jayatillek,RBjrl.74152,4,3,1990
Ileesha,Jayatissa,Ileesha.DUhid.36139.Jayatissa,DUhid.36139,2,7,1988
Imandi,Jayawickrama,Imandi.GQrgt.57328.Jayawickram,GQrgt.57328,25,9,1983
Imani,Jayewardene,Imani.AJuyz.01505.Jayewardene,AJuyz.01505,9,1,1997
Imansha,Karunaratne,Imansha.JFcke.87058.Karunaratn,JFcke.87058,7,4,1986
Imanya,Liyanage,Imanya.VMkzb.45933.Liyanage,VMkzb.45933,9,2,1996
Imaya,Mendis,Imaya.TZche.60925.Mendis,TZche.60925,20,1,1989
Imelka,Nandasiri,Imelka.FHipq.57617.Nandasiri,FHipq.57617,26,0,1986
Imesha,Pathirana,Imesha.TXbdz.91307.Pathirana,TXbdz.91307,4,9,1989
Inhara,Peiris,Inhara.WHqsa.33522.Peiris,WHqsa.33522,17,6,1989
Insari,Perera,Insari.UQjsk.14881.Perera,UQjsk.14881,27,8,1987
Inudi,Premaratne,Inudi.GQhgr.55164.Premaratne,GQhgr.55164,10,10,1989
Inugi,Rajapaksa,Inugi.SRyou.56515.Rajapaksa,SRyou.56515,7,9,1982
Inumi,Rajasekara,Inumi.TTvcg.98617.Rajasekara,TTvcg.98617,26,2,1986
Iroma,Ramanayake,Iroma.CDnfg.54947.Ramanayake,CDnfg.54947,6,8,1982
Irosha,Ranaweera,Irosha.GMbef.41588.Ranaweera,GMbef.41588,14,2,1980
Irshani,Ratnayake,Irshani.AParb.87444.Ratnayake,AParb.87444,24,9,1981
Irushi,Samarasekera,Irushi.LWljb.19173.Samaraseker,LWljb.19173,25,5,1986
Iruthma,Samarasinghe,Iruthma.UYajl.48258.Samarasing,UYajl.48258,20,8,1990
Isari,Senanayake,Isari.BOxvc.23102.Senanayake,BOxvc.23102,10,0,1990
Ishini,Senasinghe,Ishini.EPdki.68707.Senasinghe,EPdki.68707,1,3,1996
Isuli,Seneviratne,Isuli.ODbac.77514.Seneviratne,ODbac.77514,22,1,1981
Ithiksha,Silva,Ithiksha.JPkwv.01822.Silva,JPkwv.01822,1,0,1987
Jagathi,Subasinghe,Jagathi.GXycw.69262.Subasinghe,GXycw.69262,25,10,1978
Jagathni,Udawatte,Jagathni.ISedh.16222.Udawatte,ISedh.16222,3,3,1995
Janeesha,Warakagoda,Janeesha.JAdka.11758.Warakagod,JAdka.11758,25,5,1986
Janethya,Weeraratne,Janethya.PZaul.50873.Weeraratn,PZaul.50873,1,6,1994
Janidi,Weerasekara,Janidi.ALibt.71128.Weerasekara,ALibt.71128,5,0,1981
Janithli,Weerawansa,Janithli.XXkxz.73956.Weerawans,XXkxz.73956,11,1,1993
Janithrika,Wickremasinghe,Janithrika.WDcst.64216.Wickrem,WDcst.64216,10,3,1997
Janithya,Wijeratne,Janithya.VXlkf.07361.Wijeratne,VXlkf.07361,21,3,1984
Januki,Wijesuriya,Januki.YUzpw.37099.Wijesuriya,YUzpw.37099,13,9,1979
Januli,Wijewardene,Januli.NTzwi.26094.Wijewardene,NTzwi.26094,1,4,1985
Januni,Wikramanayake,Januni.ETmic.80567.Wikramanaya,ETmic.80567,12,2,1991
Januthi,Abayakoon,Januthi.BRaab.60259.Abayakoon,BRaab.60259,18,3,1992
Jawithya,Abeynaike,Jawithya.GFicl.66610.Abeynaike,GFicl.66610,14,5,1993
Jayami,Amarasekara,Jayami.DNqyd.95719.Amarasekara,DNqyd.95719,23,10,1983
Jayawi,Amarasinghe,Jayawi.WBftx.38468.Amarasinghe,WBftx.38468,14,0,1981
Jehansa,Balasuriya,Jehansa.QWeau.66355.Balasuriya,QWeau.66355,13,5,1992
Jenuli,Bandara,Jenuli.MFbfi.43276.Bandara,MFbfi.43276,9,3,1997
Jeromi,Bandaranaike,Jeromi.HUjqt.65026.Bandaranaik,HUjqt.65026,1,5,1979
Jethmi,Dahanayake,Jethmi.LHamq.73286.Dahanayake,LHamq.73286,9,3,1986
Jinethma,Dassanayake,Jinethma.RFbyi.97838.Dassanaya,RFbyi.97838,21,9,1992
Joana,De Abrew,Joana.YZthp.72300.DeAbrew,YZthp.72300,7,1,1995
Kanuki,De Alwis,Kanuki.PBuoh.14493.DeAlwis,PBuoh.14493,8,10,1982
Kashula,Dissanayake,Kashula.OJhgo.17083.Dissanayak,OJhgo.17083,13,4,1995
Kavithma,Ekanayake,Kavithma.SEetg.97537.Ekanayake,SEetg.97537,18,10,1987
Kavmindi,Fernando,Kavmindi.VLkbt.91419.Fernando,VLkbt.91419,19,10,1986
Kawithi,Fonseca,Kawithi.BNywu.42442.Fonseca,BNywu.42442,4,1,1997
Kemini,Gamage,Kemini.AOuhs.46133.Gamage,AOuhs.46133,18,5,1988
Kenara,Gunaratne,Kenara.PLnri.21992.Gunaratne,PLnri.21992,12,5,1994
Kenuli,Gunasekera,Kenuli.QNcmh.30895.Gunasekera,QNcmh.30895,21,6,1979
Keshana,Gunawardena,Keshana.QCjuh.53387.Gunawarden,QCjuh.53387,19,9,1994
Kethaki,Hathurusingha,Kethaki.YCdek.39971.Hathurusin,YCdek.39971,21,10,1997
Kethmi,Herath,Kethmi.GSuuz.09360.Herath,GSuuz.09360,2,5,1995
Keyara,Jayakody,Keyara.BFpvv.39549.Jayakody,BFpvv.39549,18,6,1978
Kinuri,Jayaratne,Kinuri.IXfya.41425.Jayaratne,IXfya.41425,1,4,1991
Kisheini,Jayasinghe,Kisheini.YUokd.72627.Jayasingh,YUokd.72627,24,2,1982
Kithmi,Jayatilleka,Kithmi.SYmxw.22060.Jayatilleka,SYmxw.22060,16,0,1996
Kithmini,Jayatissa,Kithmini.DAnwt.29231.Jayatissa,DAnwt.29231,26,9,1992
Kithnuli,Jayawickrama,Kithnuli.ZNndh.01871.Jayawickr,ZNndh.01871,8,9,1990
Kithuki,Jayewardene,Kithuki.HWtkv.68262.Jayewarden,HWtkv.68262,9,10,1995
Koshela,Karunaratne,Koshela.CAcly.60227.Karunaratn,CAcly.60227,12,4,1991
Krisha,Liyanage,Krisha.CMdmy.76290.Liyanage,CMdmy.76290,24,4,1982
Krisheini,Mendis,Krisheini.JDnmj.69591.Mendis,JDnmj.69591,6,7,1980
Krishinya,Nandasiri,Krishinya.GIlcg.40254.Nandasir,GIlcg.40254,1,0,1982
Kulansa,Pathirana,Kulansa.ITsfb.76839.Pathirana,ITsfb.76839,19,6,1983
Kulshali,Peiris,Kulshali.XPggk.53853.Peiris,XPggk.53853,21,7,1992
Kulshani,Perera,Kulshani.BXbxv.55221.Perera,BXbxv.55221,17,7,1978
Kushani,Premaratne,Kushani.AQkan.95044.Premaratne,AQkan.95044,6,9,1995
Lakdini,Rajapaksa,Lakdini.QTkxn.15477.Rajapaksa,QTkxn.15477,9,7,1997
Lakeesha,Rajasekara,Lakeesha.DFcso.67457.Rajasekar,DFcso.67457,11,4,1992
Lakma,Ramanayake,Lakma.VJtrn.38098.Ramanayake,VJtrn.38098,9,8,1988
Laneesha,Ranaweera,Laneesha.REsky.88683.Ranaweera,REsky.88683,19,9,1994
Lavanya,Ratnayake,Lavanya.IOnfc.15921.Ratnayake,IOnfc.15921,26,6,1980
Lechana,Samarasekera,Lechana.MOahn.45195.Samaraseke,MOahn.45195,1,7,1991
Lehansi,Samarasinghe,Lehansi.RRedd.91892.Samarasing,RRedd.91892,18,4,1989
Lemasha,Senanayake,Lemasha.TVsmb.15932.Senanayake,TVsmb.15932,11,5,1992
Lenasha,Senasinghe,Lenasha.OGukc.92549.Senasinghe,OGukc.92549,2,7,1997
Lesanma,Seneviratne,Lesanma.TYlok.67067.Seneviratn,TYlok.67067,12,3,1985
Lesansa,Silva,Lesansa.PPwkn.78538.Silva,PPwkn.78538,13,9,1979
Lihansa,Subasinghe,Lihansa.PMekz.15245.Subasinghe,PMekz.15245,19,4,1992
Lihini,Udawatte,Lihini.YTvzr.60736.Udawatte,YTvzr.60736,26,6,1984
Limansa,Warakagoda,Limansa.ZHomf.61412.Warakagoda,ZHomf.61412,5,7,1990
Linasha,Weeraratne,Linasha.FZhgc.58880.Weeraratne,FZhgc.58880,9,6,1979
Linoja,Weerasekara,Linoja.KMkix.75712.Weerasekara,KMkix.75712,23,6,1983
Lisadi,Weerawansa,Lisadi.WPlxp.18141.Weerawansa,WPlxp.18141,27,4,1987
Lisansa,Wickremasinghe,Lisansa.BGohi.02227.Wickremasi,BGohi.02227,18,10,1983
Lisanya,Wijeratne,Lisanya.CSzcw.85872.Wijeratne,CSzcw.85872,22,3,1985
Lisara,Wijesuriya,Lisara.NNbbm.04563.Wijesuriya,NNbbm.04563,22,1,1994
Lisasna,Wijewardene,Lisasna.QResz.63402.Wijewarden,QResz.63402,6,0,1980
Lisini,Wikramanayake,Lisini.RPrld.35057.Wikramanaya,RPrld.35057,2,0,1980
Lisithi,Abayakoon,Lisithi.YIvnl.93128.Abayakoon,YIvnl.93128,25,6,1980
Lithaja,Abeynaike,Lithaja.VNbnk.09448.Abeynaike,VNbnk.09448,4,8,1980
Lithara,Amarasekara,Lithara.XIwfa.27960.Amarasekar,XIwfa.27960,13,5,1991
Lithmini,Amarasinghe,Lithmini.FYcow.16150.Amarasing,FYcow.16150,25,9,1983
Lithuli,Balasuriya,Lithuli.CEvpo.14400.Balasuriya,CEvpo.14400,25,2,1992
Lithulki,Bandara,Lithulki.NFhgp.61880.Bandara,NFhgp.61880,21,2,1995
Lithumi,Bandaranaike,Lithumi.RPcmj.14815.Bandaranai,RPcmj.14815,27,0,1985
Lithuni,Dahanayake,Lithuni.KCigz.97264.Dahanayake,KCigz.97264,5,8,1985
Liviniya,Dassanayake,Liviniya.HVmhg.69758.Dassanaya,HVmhg.69758,13,2,1989
Liyana,De Abrew,Liyana.EPymt.33220.DeAbrew,EPymt.33220,15,4,1997
Lohara,De Alwis,Lohara.JCsdh.44185.DeAlwis,JCsdh.44185,20,2,1982
Lohasha,Dissanayake,Lohasha.MDszi.18481.Dissanayak,MDszi.18481,2,2,1989
Lothika,Ekanayake,Lothika.NXecx.18328.Ekanayake,NXecx.18328,8,10,1988
Maduhansi,Fernando,Maduhansi.WDold.78682.Fernando,WDold.78682,6,5,1990
Maduka,Fonseca,Maduka.JTprb.62895.Fonseca,JTprb.62895,18,9,1989
Madushalani,Gamage,Madushalani.FYyhj.88927.Gamage,FYyhj.88927,8,8,1996
Maheshika,Gunaratne,Maheshika.NHbtt.89371.Gunaratn,NHbtt.89371,15,7,1991
Mahima,Gunasekera,Mahima.MEuas.89659.Gunasekera,MEuas.89659,14,6,1993
Maleesha,Gunawardena,Maleesha.TMved.84209.Gunawarde,TMved.84209,4,7,1991
Malika,Hathurusingha,Malika.CTiny.38736.Hathurusing,CTiny.38736,5,0,1996
Malindi,Herath,Malindi.BLjbm.63005.Herath,BLjbm.63005,15,4,1995
Malinsha,Jayakody,Malinsha.YDomj.20171.Jayakody,YDomj.20171,26,2,1995
Malki,Jayaratne,Malki.ITclx.90370.Jayaratne,ITclx.90370,26,8,1984
Malshi,Jayasinghe,Malshi.DWrdi.00146.Jayasinghe,DWrdi.00146,22,1,1982
Mandakini,Jayatilleka,Mandakini.WGwlj.21725.Jayatill,WGwlj.21725,14,9,1988
Manelka,Jayatissa,Manelka.PNrgf.86111.Jayatissa,PNrgf.86111,14,4,1993
Manoda,Jayawickrama,Manoda.IZuze.17808.Jayawickram,IZuze.17808,8,3,1989
Manoddya,Jayewardene,Manoddya.RVsyk.97945.Jayewarde,RVsyk.97945,3,4,1985
Manodi,Karunaratne,Manodi.IFfve.50682.Karunaratne,IFfve.50682,6,9,1983
Manoli,Liyanage,Manoli.WVupu.40728.Liyanage,WVupu.40728,2,3,1990
Manothmi,Mendis,Manothmi.OXzzo.59975.Mendis,OXzzo.59975,4,5,1989
Manudi,Nandasiri,Manudi.WJzws.98208.Nandasiri,WJzws.98208,20,0,1991
Manugi,Pathirana,Manugi.BDsfn.98601.Pathirana,BDsfn.98601,22,7,1989
Manuji,Peiris,Manuji.KHmek.35357.Peiris,KHmek.35357,7,7,1978
Manuki,Perera,Manuki.LInoc.03948.Perera,LInoc.03948,14,1,1996
Manuthi,Premaratne,Manuthi.QJaxi.41265.Premaratne,QJaxi.41265,22,7,1985
Mapasha,Rajapaksa,Mapasha.SGmpn.10655.Rajapaksa,SGmpn.10655,11,0,1996
Matheesha,Rajasekara,Matheesha.ROsan.47572.Rajaseka,ROsan.47572,15,2,1983
Mayithi,Ramanayake,Mayithi.JEwyx.98831.Ramanayake,JEwyx.98831,21,4,1982
Mayomi,Ranaweera,Mayomi.BNley.06476.Ranaweera,BNley.06476,14,5,1995
Mayuvindi,Ratnayake,Mayuvindi.HCybd.31378.Ratnayak,HCybd.31378,15,7,1988
Medithi,Samarasekera,Medithi.FPfmn.33342.Samaraseke,FPfmn.33342,14,0,1981
Mehansi,Samarasinghe,Mehansi.FZwsr.45167.Samarasing,FZwsr.45167,5,8,1995
Melanka,Senanayake,Melanka.DRajt.87580.Senanayake,DRajt.87580,5,2,1978
Melinsa,Senasinghe,Melinsa.EGpzy.06012.Senasinghe,EGpzy.06012,27,3,1980
Menuli,Seneviratne,Menuli.GCnry.54726.Seneviratne,GCnry.54726,26,3,1985
Menuri,Silva,Menuri.FWtma.76732.Silva,FWtma.76732,16,4,1992
Methara,Subasinghe,Methara.WOxcp.74766.Subasinghe,WOxcp.74766,3,10,1978
Methmi,Udawatte,Methmi.UWjas.41688.Udawatte,UWjas.41688,16,2,1979
Methnadi,Warakagoda,Methnadi.RLmay.21368.Warakagod,RLmay.21368,2,8,1997
Methni,Weeraratne,Methni.QOtri.94107.Weeraratne,QOtri.94107,6,3,1987
Methsilini,Weerasekara,Methsilini.BNdew.76600.Weerase,BNdew.76600,14,1,1989
Methsiluni,Weerawansa,Methsiluni.VZugd.70885.Weerawa,VZugd.70885,1,9,1985
Methsisi,Wickremasinghe,Methsisi.LEbtu.29516.Wickremas,LEbtu.29516,11,0,1995
Methsuvi,Wijeratne,Methsuvi.COlqq.62804.Wijeratne,COlqq.62804,19,2,1988
Methuki,Wijesuriya,Methuki.RGsja.42534.Wijesuriya,RGsja.42534,7,5,1980
Methuli,Wijewardene,Methuli.ZRcuk.89365.Wijewarden,ZRcuk.89365,3,3,1995
Methumini,Wikramanayake,Methumini.GVplu.91366.Wikraman,GVplu.91366,19,8,1989
Methuni,Abayakoon,Methuni.UGjxf.04566.Abayakoon,UGjxf.04566,6,7,1997
Methunima,Abeynaike,Methunima.NVgev.43214.Abeynaik,NVgev.43214,21,9,1989
Methusha,Amarasekara,Methusha.RDwmb.32907.Amaraseka,RDwmb.32907,17,9,1982
Methushi,Amarasinghe,Methushi.IRkri.03833.Amarasing,IRkri.03833,10,0,1993
Methuvi,Balasuriya,Methuvi.KKksy.52743.Balasuriya,KKksy.52743,4,7,1986
Mihara,Bandara,Mihara.JCdpe.46716.Bandara,JCdpe.46716,11,8,1997
Miheli,Bandaranaike,Miheli.YNukw.91408.Bandaranaik,YNukw.91408,6,4,1991
Mihindee,Dahanayake,Mihindee.KMpak.86962.Dahanayak,KMpak.86962,18,7,1979
Mihindi,Dassanayake,Mihindi.RVeiv.74067.Dassanayak,RVeiv.74067,25,9,1986
Mihini,De Abrew,Mihini.VAdmj.74501.DeAbrew,VAdmj.74501,2,0,1981
Mikela,De Alwis,Mikela.ZVdki.28823.DeAlwis,ZVdki.28823,16,1,1995
Minadi,Dissanayake,Minadi.UWtwv.82106.Dissanayake,UWtwv.82106,3,8,1993
Mindara,Ekanayake,Mindara.AHpst.23776.Ekanayake,AHpst.23776,5,8,1983
Minduni,Fernando,Minduni.TErrt.09696.Fernando,TErrt.09696,3,7,1982
Minha,Fonseca,Minha.HYdbg.43615.Fonseca,HYdbg.43615,13,1,1988
Minoli,Gamage,Minoli.AIedj.08600.Gamage,AIedj.08600,8,3,1994
Minosha,Gunaratne,Minosha.TFgdu.97694.Gunaratne,TFgdu.97694,17,5,1983
Minsaha,Gunasekera,Minsaha.LWsrt.63306.Gunasekera,LWsrt.63306,21,3,1980
Minsara,Gunawardena,Minsara.TKrja.98571.Gunawarden,TKrja.98571,27,3,1991
Minuli,Hathurusingha,Minuli.GWaez.76269.Hathurusing,GWaez.76269,8,9,1981
Minumi,Herath,Minumi.VBptq.04723.Herath,VBptq.04723,14,9,1983
Minuri,Jayakody,Minuri.TVuuu.57134.Jayakody,TVuuu.57134,23,2,1989
Minusha,Jayaratne,Minusha.RFbgo.91908.Jayaratne,RFbgo.91908,25,9,1987
Misadi,Jayasinghe,Misadi.JPbdq.27708.Jayasinghe,JPbdq.27708,21,3,1979
Mishadi,Jayatilleka,Mishadi.JPdos.50132.Jayatillek,JPdos.50132,24,6,1990
Mishadi,Jayatissa,Mishadi.ZLltc.09411.Jayatissa,ZLltc.09411,5,0,1992
Misheli,Jayawickrama,Misheli.ADxtn.85555.Jayawickra,ADxtn.85555,12,7,1978
Mithili,Jayewardene,Mithili.LZlbl.53033.Jayewarden,LZlbl.53033,5,2,1990
Mithuki,Karunaratne,Mithuki.JWthn.24058.Karunaratn,JWthn.24058,15,1,1990
Mithumi,Liyanage,Mithumi.WKdnz.84169.Liyanage,WKdnz.84169,1,9,1990
Miyurangi,Mendis,Miyurangi.OXsvw.76047.Mendis,OXsvw.76047,5,8,1996
Moditha,Nandasiri,Moditha.PBaaf.36979.Nandasiri,PBaaf.36979,19,9,1983
Moneesha,Pathirana,Moneesha.MWowz.93965.Pathirana,MWowz.93965,16,3,1996
Muditha,Peiris,Muditha.MYsmu.44123.Peiris,MYsmu.44123,13,0,1991
Nadeeja,Perera,Nadeeja.PMvyb.92628.Perera,PMvyb.92628,14,3,1990
Nadeera,Premaratne,Nadeera.XXcao.85496.Premaratne,XXcao.85496,4,1,1979
Nadewni,Rajapaksa,Nadewni.MJgip.64439.Rajapaksa,MJgip.64439,18,0,1986
Nadinsa,Rajasekara,Nadinsa.KMhhg.40255.Rajasekara,KMhhg.40255,5,10,1992
Nadinsha,Ramanayake,Nadinsha.HAjux.89058.Ramanayak,HAjux.89058,23,3,1980
Naduli,Ranaweera,Naduli.VDirc.14240.Ranaweera,VDirc.14240,14,10,1984
Najeelia,Ratnayake,Najeelia.SDyzy.42934.Ratnayake,SDyzy.42934,13,10,1996
Nalika,Samarasekera,Nalika.IVkat.05269.Samaraseker,IVkat.05269,22,9,1984
Navani,Samarasinghe,Navani.XUnyb.43607.Samarasingh,XUnyb.43607,11,0,1994
Nawani,Senanayake,Nawani.ASgpu.43286.Senanayake,ASgpu.43286,10,8,1982
Nawoli,Senasinghe,Nawoli.ABffh.13744.Senasinghe,ABffh.13744,9,3,1983
Nehansa,Seneviratne,Nehansa.OFjid.47008.Seneviratn,OFjid.47008,26,9,1979
Nehanya,Silva,Nehanya.LPefg.86942.Silva,LPefg.86942,22,3,1985
Nehara,Subasinghe,Nehara.ZFfqi.93590.Subasinghe,ZFfqi.93590,11,8,1986
Nehari,Udawatte,Nehari.KShci.43377.Udawatte,KShci.43377,6,4,1980
Nesagi,Warakagoda,Nesagi.OSlea.16845.Warakagoda,OSlea.16845,9,8,1986
Nesandi,Weeraratne,Nesandi.ARppp.49949.Weeraratne,ARppp.49949,8,5,1995
Neshandi,Weerasekara,Neshandi.BOdip.85346.Weeraseka,BOdip.85346,19,0,1997
Neshari,Weerawansa,Neshari.UWqai.68937.Weerawansa,UWqai.68937,2,7,1978
Nethangi,Wickremasinghe,Nethangi.BKiew.09200.Wickremas,BKiew.09200,2,7,1994
Nethanya,Wijeratne,Nethanya.ZXfrc.60770.Wijeratne,ZXfrc.60770,11,1,1988
Nethara,Wijesuriya,Nethara.YNzty.53681.Wijesuriya,YNzty.53681,5,9,1991
Nethari,Wijewardene,Nethari.CUvuw.00679.Wijewarden,CUvuw.00679,17,7,1987
Nethmika,Wikramanayake,Nethmika.CDjll.28404.Wikramana,CDjll.28404,7,1,1978
Nethsarani,Abayakoon,Nethsarani.EUfgw.46552.Abayako,EUfgw.46552,23,9,1979
Nethu,Abeynaike,Nethu.ELajq.42542.Abeynaike,ELajq.42542,8,2,1989
Nethugi,Amarasekara,Nethugi.SJjdk.76992.Amarasekar,SJjdk.76992,10,3,1978
Nethuki,Amarasinghe,Nethuki.IBcry.67504.Amarasingh,IBcry.67504,17,3,1992
Nethuli,Balasuriya,Nethuli.VCpvr.10372.Balasuriya,VCpvr.10372,9,0,1993
Nethulima,Bandara,Nethulima.EGfjh.80701.Bandara,EGfjh.80701,19,3,1981
Nethumi,Bandaranaike,Nethumi.RReta.16795.Bandaranai,RReta.16795,27,2,1987
Nethuni,Dahanayake,Nethuni.HKstx.14244.Dahanayake,HKstx.14244,17,1,1979
Nethunika,Dassanayake,Nethunika.OQcva.32543.Dassanay,OQcva.32543,24,1,1981
Nethupa,De Abrew,Nethupa.YUdhv.04956.DeAbrew,YUdhv.04956,8,10,1981
Nethusadi,De Alwis,Nethusadi.HIzhi.02060.DeAlwis,HIzhi.02060,1,5,1986
Nethushi,Dissanayake,Nethushi.ZVzyd.69826.Dissanaya,ZVzyd.69826,2,0,1988
Nethushima,Ekanayake,Nethushima.FGhca.36909.Ekanaya,FGhca.36909,1,5,1997
Nidiya,Fernando,Nidiya.DTfkw.63406.Fernando,DTfkw.63406,14,8,1987
Nihansa,Fonseca,Nihansa.IKket.03889.Fonseca,IKket.03889,12,7,1995
Nihari,Gamage,Nihari.ILpaa.50252.Gamage,ILpaa.50252,20,5,1992
Nikini,Gunaratne,Nikini.LUefs.56692.Gunaratne,LUefs.56692,22,4,1979
Nikita,Gunasekera,Nikita.OUejw.60039.Gunasekera,OUejw.60039,27,8,1988
Nikitha,Gunawardena,Nikitha.IPiwg.95155.Gunawarden,IPiwg.95155,16,6,1981
Nileshi,Hathurusingha,Nileshi.EWilh.23002.Hathurusin,EWilh.23002,3,10,1982
Nilmi,Herath,Nilmi.YStey.43220.Herath,YStey.43220,1,2,1996
Nimhani,Jayakody,Nimhani.OIbci.68842.Jayakody,OIbci.68842,23,7,1989
Nimna,Jayaratne,Nimna.QSpkm.48108.Jayaratne,QSpkm.48108,8,3,1987
Nimni,Jayasinghe,Nimni.GJzbw.15460.Jayasinghe,GJzbw.15460,23,9,1993
Nimra,Jayatilleka,Nimra.KJnoo.14586.Jayatilleka,KJnoo.14586,20,6,1988
Nimshadi,Jayatissa,Nimshadi.XHxpp.88945.Jayatissa,XHxpp.88945,10,8,1983
Nimshi,Jayawickrama,Nimshi.PKebv.86705.Jayawickram,PKebv.86705,11,5,1981
Nimthara,Jayewardene,Nimthara.FYcnv.44422.Jayewarde,FYcnv.44422,27,5,1984
Nimyanjali,Karunaratne,Nimyanjali.CByby.83450.Karunar,CByby.83450,18,2,1991
Nipulma,Liyanage,Nipulma.WDwzw.43569.Liyanage,WDwzw.43569,23,8,1989
Niroda,Mendis,Niroda.JAykg.81666.Mendis,JAykg.81666,24,7,1987
Niroshika,Nandasiri,Niroshika.TEwsz.99252.Nandasir,TEwsz.99252,6,5,1983
Nisadima,Pathirana,Nisadima.CTxoe.33442.Pathirana,CTxoe.33442,3,4,1992
Nisari,Peiris,Nisari.MPehp.21571.Peiris,MPehp.21571,24,6,1995
Nishithma,Perera,Nishithma.WZlww.53074.Perera,WZlww.53074,2,6,1985
Nisuri,Premaratne,Nisuri.NQcjz.57343.Premaratne,NQcjz.57343,6,10,1989
Nithara,Rajapaksa,Nithara.JCwls.47343.Rajapaksa,JCwls.47343,14,10,1985
Nitheesha,Rajasekara,Nitheesha.YWswg.63375.Rajaseka,YWswg.63375,8,3,1979
Nithika,Ramanayake,Nithika.BGpms.57312.Ramanayake,BGpms.57312,5,1,1990
Nithili,Ranaweera,Nithili.HJbdj.29768.Ranaweera,HJbdj.29768,14,6,1997
Nithilka,Ratnayake,Nithilka.KZhtq.62735.Ratnayake,KZhtq.62735,24,7,1988
Nithmi,Samarasekera,Nithmi.LVbwt.78739.Samaraseker,LVbwt.78739,14,2,1979
Nithuli,Samarasinghe,Nithuli.CLlnm.10817.Samarasing,CLlnm.10817,9,10,1987
Nithuni,Senanayake,Nithuni.OZzax.43981.Senanayake,OZzax.43981,19,6,1978
Nithya,Senasinghe,Nithya.YUidc.23658.Senasinghe,YUidc.23658,21,1,1997
Nivenya,Seneviratne,Nivenya.PYuke.16318.Seneviratn,PYuke.16318,8,7,1997
Nuhansa,Silva,Nuhansa.VGfjl.99522.Silva,VGfjl.99522,26,4,1989
Nuhansha,Subasinghe,Nuhansha.XCxcg.83084.Subasingh,XCxcg.83084,9,0,1994
Nulansa,Udawatte,Nulansa.MDswc.79231.Udawatte,MDswc.79231,3,3,1984
Nureshi,Warakagoda,Nureshi.HXnmt.45725.Warakagoda,HXnmt.45725,27,4,1986
Nuthara,Weeraratne,Nuthara.XAbbx.21658.Weeraratne,XAbbx.21658,7,8,1979
Nuwandara,Weerasekara,Nuwandara.UBkpc.60064.Weerasek,UBkpc.60064,8,4,1989
Nuwandi,Weerawansa,Nuwandi.SWfhr.40789.Weerawansa,SWfhr.40789,7,0,1979
Okithma,Wickremasinghe,Okithma.FBswe.83764.Wickremasi,FBswe.83764,17,2,1985
Omesha,Wijeratne,Omesha.VZmkq.78452.Wijeratne,VZmkq.78452,3,4,1979
Omethmi,Wijesuriya,Omethmi.JIlbf.44040.Wijesuriya,JIlbf.44040,17,2,1981
Omindi,Wijewardene,Omindi.QAwcm.18360.Wijewardene,QAwcm.18360,9,1,1982
Onela,Wikramanayake,Onela.LMtuw.48240.Wikramanayak,LMtuw.48240,15,2,1981
Oneli,Abayakoon,Oneli.WGjma.38518.Abayakoon,WGjma.38518,9,5,1992
Onisha,Abeynaike,Onisha.IKtvk.38199.Abeynaike,IKtvk.38199,16,2,1980
Osandi,Amarasekara,Osandi.XWbfc.66325.Amarasekara,XWbfc.66325,2,10,1996
Oshani,Amarasinghe,Oshani.YNskt.35204.Amarasinghe,YNskt.35204,16,4,1988
Oshari,Balasuriya,Oshari.AUezk.20040.Balasuriya,AUezk.20040,23,4,1990
Oshika,Bandara,Oshika.XTley.98543.Bandara,XTley.98543,14,3,1979
Oshini,Bandaranaike,Oshini.ZCzym.77668.Bandaranaik,ZCzym.77668,6,1,1979
Ovindi,Dahanayake,Ovindi.UDzpp.36248.Dahanayake,UDzpp.36248,22,7,1986
Ovini,Dassanayake,Ovini.NUaro.95429.Dassanayake,NUaro.95429,11,10,1986
Pabalu,De Abrew,Pabalu.TEbiy.40917.DeAbrew,TEbiy.40917,20,5,1990
Pahandi,De Alwis,Pahandi.AYzqj.32129.DeAlwis,AYzqj.32129,25,5,1982
Pahanya,Dissanayake,Pahanya.GTtri.13265.Dissanayak,GTtri.13265,1,0,1993
Pamodi,Ekanayake,Pamodi.JVone.60096.Ekanayake,JVone.60096,13,3,1986
Pamudi,Fernando,Pamudi.QHkph.65813.Fernando,QHkph.65813,10,1,1983
Panchadi,Fonseca,Panchadi.KNlmn.07703.Fonseca,KNlmn.07703,18,5,1991
Pasandi,Gamage,Pasandi.ZZikf.53950.Gamage,ZZikf.53950,25,8,1980
Pasanja,Gunaratne,Pasanja.OQbip.52925.Gunaratne,OQbip.52925,11,5,1997
Pasindya,Gunasekera,Pasindya.KWvsz.90765.Gunaseker,KWvsz.90765,19,4,1978
Pethmi,Gunawardena,Pethmi.SDkzo.76540.Gunawardena,SDkzo.76540,17,6,1991
Pinidi,Hathurusingha,Pinidi.BMvwo.91314.Hathurusing,BMvwo.91314,20,0,1997
Poorni,Herath,Poorni.XYnaf.77681.Herath,XYnaf.77681,4,4,1995
Poshya,Jayakody,Poshya.VVpaw.32395.Jayakody,VVpaw.32395,18,8,1995
Prathibavi,Jayaratne,Prathibavi.PRurt.43687.Jayarat,PRurt.43687,10,9,1993
Pravishka,Jayasinghe,Pravishka.XYdjl.48702.Jayasing,XYdjl.48702,27,6,1987
Premandi,Jayatilleka,Premandi.TPrbm.84410.Jayatille,TPrbm.84410,1,8,1983
Prikshala,Jayatissa,Prikshala.BWhcf.77142.Jayatiss,BWhcf.77142,13,1,1978
Pubudmi,Jayawickrama,Pubudmi.KYgpm.28378.Jayawickra,KYgpm.28378,19,10,1980
Pumidi,Jayewardene,Pumidi.EZmuy.44239.Jayewardene,EZmuy.44239,25,3,1997
Purmi,Karunaratne,Purmi.YHkjk.66545.Karunaratne,YHkjk.66545,14,0,1988
Purni,Liyanage,Purni.PIzld.44168.Liyanage,PIzld.44168,17,6,1982
Purvi,Mendis,Purvi.UEvdb.97535.Mendis,UEvdb.97535,7,9,1984
Pyara,Nandasiri,Pyara.KCrwo.54580.Nandasiri,KCrwo.54580,23,2,1992
Radeesha,Pathirana,Radeesha.ZNxkp.98285.Pathirana,ZNxkp.98285,6,6,1985
Radishka,Peiris,Radishka.EUaix.23903.Peiris,EUaix.23903,19,4,1980
Raini,Perera,Raini.FHuae.73402.Perera,FHuae.73402,24,6,1994
Ralini,Premaratne,Ralini.BLdsr.17336.Premaratne,BLdsr.17336,13,4,1979
Ramidi,Rajapaksa,Ramidi.BPwaf.68575.Rajapaksa,BPwaf.68575,19,4,1982
Ranmi,Rajasekara,Ranmi.ZXzhp.55118.Rajasekara,ZXzhp.55118,8,7,1990
Ranmini,Ramanayake,Ranmini.IByzu.46267.Ramanayake,IByzu.46267,25,5,1997
Ranruvi,Ranaweera,Ranruvi.ADklz.81518.Ranaweera,ADklz.81518,26,2,1996
Ranuli,Ratnayake,Ranuli.ZZzaw.28727.Ratnayake,ZZzaw.28727,18,5,1992
Rashani,Samarasekera,Rashani.BDdkg.64754.Samaraseke,BDdkg.64754,17,7,1993
Rashera,Samarasinghe,Rashera.ZGehi.81946.Samarasing,ZGehi.81946,16,1,1994
Rashika,Senanayake,Rashika.IEjwm.99379.Senanayake,IEjwm.99379,18,3,1987
Rashindi,Senasinghe,Rashindi.SOgor.34125.Senasingh,SOgor.34125,25,4,1984
Rashmindi,Seneviratne,Rashmindi.UPwsp.09523.Senevira,UPwsp.09523,16,3,1994
Rashvini,Silva,Rashvini.VUohk.97916.Silva,VUohk.97916,22,6,1995
Rasuni,Subasinghe,Rasuni.XEtdr.00223.Subasinghe,XEtdr.00223,27,4,1983
Ravindi,Udawatte,Ravindi.JUani.00956.Udawatte,JUani.00956,25,5,1979
Reha,Warakagoda,Reha.OGmtc.39818.Warakagoda,OGmtc.39818,2,7,1989
Rehansa,Weeraratne,Rehansa.IPsro.24269.Weeraratne,IPsro.24269,14,9,1981
Rehansha,Weerasekara,Rehansha.QVblo.33647.Weeraseka,QVblo.33647,11,7,1980
Rehasni,Weerawansa,Rehasni.DBnhb.45874.Weerawansa,DBnhb.45874,21,1,1978
Reneesha,Wickremasinghe,Reneesha.IOybk.73071.Wickremas,IOybk.73071,18,7,1980
Renisha,Wijeratne,Renisha.LVzzx.14513.Wijeratne,LVzzx.14513,7,6,1993
Renruvi,Wijesuriya,Renruvi.MBkzl.07607.Wijesuriya,MBkzl.07607,10,7,1984
Renushi,Wijewardene,Renushi.ZDgnz.97007.Wijewarden,ZDgnz.97007,18,8,1987
Reshadi,Wikramanayake,Reshadi.BLpih.48623.Wikramanay,BLpih.48623,17,5,1991
Reshani,Abayakoon,Reshani.TZond.47712.Abayakoon,TZond.47712,14,2,1983
Resheni,Abeynaike,Resheni.TQvok.74093.Abeynaike,TQvok.74093,17,10,1986
Reshmindi,Amarasekara,Reshmindi.IOsux.80417.Amarasek,IOsux.80417,11,4,1988
Resuni,Amarasinghe,Resuni.MAwzg.59062.Amarasinghe,MAwzg.59062,17,8,1994
Rethika,Balasuriya,Rethika.XHrxt.70801.Balasuriya,XHrxt.70801,9,9,1983
Rethni,Bandara,Rethni.LOzrz.52924.Bandara,LOzrz.52924,24,1,1997
Rethushi,Bandaranaike,Rethushi.OTluj.02297.Bandarana,OTluj.02297,5,6,1995
Rigasha,Dahanayake,Rigasha.TMumy.07003.Dahanayake,TMumy.07003,25,0,1982
Risandi,Dassanayake,Risandi.HLxtz.61912.Dassanayak,HLxtz.61912,6,3,1992
Risathya,De Abrew,Risathya.YEepy.45177.DeAbrew,YEepy.45177,18,1,1985
Rishni,De Alwis,Rishni.EGzpm.59278.DeAlwis,EGzpm.59278,3,2,1991
Rithmi,Dissanayake,Rithmi.BDcsi.53315.Dissanayake,BDcsi.53315,11,9,1984
Rithu,Ekanayake,Rithu.RKdpu.92759.Ekanayake,RKdpu.92759,13,9,1991
Rivka,Fernando,Rivka.WIohl.05334.Fernando,WIohl.05334,27,10,1984
Riyoni,Fonseca,Riyoni.PJddt.23285.Fonseca,PJddt.23285,2,0,1996
Romeshika,Gamage,Romeshika.KZaqi.33770.Gamage,KZaqi.33770,20,7,1978
Romishka,Gunaratne,Romishka.WXbkc.27538.Gunaratne,WXbkc.27538,8,5,1979
Roneesha,Gunasekera,Roneesha.SGmdw.63666.Gunaseker,SGmdw.63666,18,2,1997
Roshika,Gunawardena,Roshika.TTqzk.55834.Gunawarden,TTqzk.55834,10,1,1985
Roshmi,Hathurusingha,Roshmi.XLleg.64360.Hathurusing,XLleg.64360,14,2,1979
Roshni,Herath,Roshni.DMmgj.88149.Herath,DMmgj.88149,6,8,1984
Ruhalshi,Jayakody,Ruhalshi.AWiky.48578.Jayakody,AWiky.48578,11,0,1983
Ruhansa,Jayaratne,Ruhansa.SHsft.55440.Jayaratne,SHsft.55440,1,2,1996
Rumeda,Jayasinghe,Rumeda.JPhno.70966.Jayasinghe,JPhno.70966,4,10,1978
Rumika,Jayatilleka,Rumika.WSpos.59215.Jayatilleka,WSpos.59215,5,4,1980
Runidi,Jayatissa,Runidi.JSzsx.24102.Jayatissa,JSzsx.24102,3,2,1982
Rusirindi,Jayawickrama,Rusirindi.LLjft.82868.Jayawick,LLjft.82868,21,8,1982
Ruveesha,Jayewardene,Ruveesha.VDvhc.94533.Jayewarde,VDvhc.94533,22,9,1990
Ruwindi,Karunaratne,Ruwindi.VSawn.45605.Karunaratn,VSawn.45605,24,8,1992
Ruwinka,Liyanage,Ruwinka.QBkuy.30733.Liyanage,QBkuy.30733,20,1,1979
Ruwinsa,Mendis,Ruwinsa.HStde.55204.Mendis,HStde.55204,20,7,1983
Ruwisha,Nandasiri,Ruwisha.JIsvs.15434.Nandasiri,JIsvs.15434,14,0,1983
Ruwithi,Pathirana,Ruwithi.RWxnm.92528.Pathirana,RWxnm.92528,23,8,1983
Ruwithma,Peiris,Ruwithma.GLosr.81797.Peiris,GLosr.81797,13,10,1988
Sadeera,Perera,Sadeera.CHrak.77996.Perera,CHrak.77996,11,2,1995
Sadeesha,Premaratne,Sadeesha.VOvgo.01590.Premaratn,VOvgo.01590,16,9,1990
Sadesha,Rajapaksa,Sadesha.IMpuf.01089.Rajapaksa,IMpuf.01089,2,8,1985
Sadewmi,Rajasekara,Sadewmi.BFjlw.43895.Rajasekara,BFjlw.43895,18,9,1979
Sadewni,Ramanayake,Sadewni.ZLchi.95842.Ramanayake,ZLchi.95842,1,3,1984
Saheli,Ranaweera,Saheli.HIybs.12309.Ranaweera,HIybs.12309,10,0,1979
Sahendra,Ratnayake,Sahendra.NGwlz.82207.Ratnayake,NGwlz.82207,14,9,1988
Sahini,Samarasekera,Sahini.XPpra.15610.Samaraseker,XPpra.15610,23,9,1993
Sakithma,Samarasinghe,Sakithma.VLvbq.10342.Samarasin,VLvbq.10342,25,9,1981
Sakithmi,Senanayake,Sakithmi.PXehs.26226.Senanayak,PXehs.26226,7,6,1993
Sakuni,Senasinghe,Sakuni.ZYomh.17297.Senasinghe,ZYomh.17297,26,3,1978
Samali,Seneviratne,Samali.UOhok.88966.Seneviratne,UOhok.88966,21,3,1983
Samithri,Silva,Samithri.SGpqx.39910.Silva,SGpqx.39910,23,7,1996
Sandali,Subasinghe,Sandali.VHarf.94741.Subasinghe,VHarf.94741,17,9,1981
Sandamini,Udawatte,Sandamini.WMymk.38144.Udawatte,WMymk.38144,7,6,1993
Sandani,Warakagoda,Sandani.BCesp.68695.Warakagoda,BCesp.68695,22,9,1984
Sandapami,Weeraratne,Sandapami.MJpjf.71844.Weerarat,MJpjf.71844,17,9,1989
Sandasi,Weerasekara,Sandasi.MCwnx.55583.Weerasekar,MCwnx.55583,17,5,1986
Sandeesha,Weerawansa,Sandeesha.IWrza.27284.Weerawan,IWrza.27284,27,4,1981
Sandewma,Wickremasinghe,Sandewma.XEbrt.32117.Wickremas,XEbrt.32117,11,6,1989
Sandewmi,Wijeratne,Sandewmi.KJwrd.18942.Wijeratne,KJwrd.18942,12,0,1984
Sandewni,Wijesuriya,Sandewni.TYmut.56863.Wijesuriy,TYmut.56863,4,4,1987
Sandini,Wijewardene,Sandini.FMkgf.16584.Wijewarden,FMkgf.16584,2,2,1982
Sandunika,Wikramanayake,Sandunika.JFinz.03562.Wikraman,JFinz.03562,9,6,1996
Sandupama,Abayakoon,Sandupama.EWuwc.66793.Abayakoo,EWuwc.66793,3,4,1997
Saneera,Abeynaike,Saneera.BVxaq.38514.Abeynaike,BVxaq.38514,1,4,1983
Saneesha,Amarasekara,Saneesha.JWbrh.90498.Amaraseka,JWbrh.90498,24,7,1981
Saneli,Amarasinghe,Saneli.SMqmz.05105.Amarasinghe,SMqmz.05105,15,5,1989
Sanithi,Balasuriya,Sanithi.IOkco.49928.Balasuriya,IOkco.49928,6,6,1996
Sanithya,Bandara,Sanithya.PDrfd.32563.Bandara,PDrfd.32563,16,9,1984
Sanjali,Bandaranaike,Sanjali.MOglk.62864.Bandaranai,MOglk.62864,21,9,1981
Sankethi,Dahanayake,Sankethi.GAiou.13143.Dahanayak,GAiou.13143,21,3,1984
Sanoli,Dassanayake,Sanoli.GJdui.66393.Dassanayake,GJdui.66393,20,6,1983
Sanudi,De Abrew,Sanudi.ZBfbt.85012.DeAbrew,ZBfbt.85012,26,1,1987
Sanugi,De Alwis,Sanugi.VHheh.97248.DeAlwis,VHheh.97248,20,6,1978
Sanujana,Dissanayake,Sanujana.IFxjs.89513.Dissanaya,IFxjs.89513,8,9,1988
Sanuki,Ekanayake,Sanuki.PHjgg.19983.Ekanayake,PHjgg.19983,20,10,1978
Sanuli,Fernando,Sanuli.TBeri.64853.Fernando,TBeri.64853,18,0,1986
Sanumi,Fonseca,Sanumi.KCztb.59834.Fonseca,KCztb.59834,2,8,1988
Sanushi,Gamage,Sanushi.PXepz.07709.Gamage,PXepz.07709,11,3,1995
Sanuthi,Gunaratne,Sanuthi.GYvdb.47978.Gunaratne,GYvdb.47978,1,9,1981
Sanuthmi,Gunasekera,Sanuthmi.LVhlr.57905.Gunaseker,LVhlr.57905,23,5,1982
Sanya,Gunawardena,Sanya.BZtlh.74230.Gunawardena,BZtlh.74230,4,9,1983
Saranya,Hathurusingha,Saranya.LMszd.47969.Hathurusin,LMszd.47969,14,4,1980
Sarindi,Herath,Sarindi.WUbgn.44937.Herath,WUbgn.44937,5,0,1987
Saruthi,Jayakody,Saruthi.FRzfx.54402.Jayakody,FRzfx.54402,27,1,1983
Sasadi,Jayaratne,Sasadi.FFkne.40296.Jayaratne,FFkne.40296,27,1,1986
Sasandi,Jayasinghe,Sasandi.OVlev.79720.Jayasinghe,OVlev.79720,10,9,1995
Sasanka,Jayatilleka,Sasanka.ZEtwq.03322.Jayatillek,ZEtwq.03322,21,4,1987
Sasanya,Jayatissa,Sasanya.RGijc.93696.Jayatissa,RGijc.93696,23,10,1984
Saseli,Jayawickrama,Saseli.MEpch.62348.Jayawickram,MEpch.62348,26,4,1996
Saseni,Jayewardene,Saseni.ESems.14406.Jayewardene,ESems.14406,20,4,1994
Sasenya,Karunaratne,Sasenya.YDjdr.91451.Karunaratn,YDjdr.91451,1,6,1994
Sashini,Liyanage,Sashini.VPehm.05275.Liyanage,VPehm.05275,10,3,1994
Sasiki,Mendis,Sasiki.XLynp.34571.Mendis,XLynp.34571,7,9,1979
Sasindi,Nandasiri,Sasindi.OXptq.65938.Nandasiri,OXptq.65938,19,2,1979
Sasini,Pathirana,Sasini.LHrhq.18907.Pathirana,LHrhq.18907,26,4,1988
Sasmili,Peiris,Sasmili.JQjfp.31446.Peiris,JQjfp.31446,26,6,1995
Sasni,Perera,Sasni.TXyrr.89681.Perera,TXyrr.89681,10,8,1985
Sasnithi,Premaratne,Sasnithi.WLgqh.38229.Premaratn,WLgqh.38229,1,5,1981
Sasvindi,Rajapaksa,Sasvindi.YQsct.24839.Rajapaksa,YQsct.24839,7,10,1996
Sathnadi,Rajasekara,Sathnadi.QDzpp.79356.Rajasekar,QDzpp.79356,19,1,1982
Sathnidi,Ramanayake,Sathnidi.IEtpc.57582.Ramanayak,IEtpc.57582,19,8,1984
Savandi,Ranaweera,Savandi.RApoo.44467.Ranaweera,RApoo.44467,17,1,1982
Saviddya,Ratnayake,Saviddya.WEynb.65682.Ratnayake,WEynb.65682,19,0,1993
Savindi,Samarasekera,Savindi.MOmwy.20309.Samaraseke,MOmwy.20309,23,7,1978
Savini,Samarasinghe,Savini.WHxtn.70966.Samarasingh,WHxtn.70966,8,5,1980
Savinya,Senanayake,Savinya.GHvww.69899.Senanayake,GHvww.69899,20,9,1991
Sawandi,Senasinghe,Sawandi.YRzxi.37172.Senasinghe,YRzxi.37172,1,6,1990
Sayara,Seneviratne,Sayara.KSyyb.06907.Seneviratne,KSyyb.06907,3,4,1997
Sayumdi,Silva,Sayumdi.CZgbm.01973.Silva,CZgbm.01973,18,9,1981
Sayumi,Subasinghe,Sayumi.GPdpe.39322.Subasinghe,GPdpe.39322,24,9,1993
Sayuni,Udawatte,Sayuni.YDwab.69428.Udawatte,YDwab.69428,18,8,1990
Sayurini,Warakagoda,Sayurini.PZusl.13971.Warakagod,PZusl.13971,10,7,1987
Senaya,Weeraratne,Senaya.FFtzv.42719.Weeraratne,FFtzv.42719,19,10,1982
Senendi,Weerasekara,Senendi.IUvbw.40679.Weerasekar,IUvbw.40679,12,4,1992
Senudi,Weerawansa,Senudi.VPyhd.27747.Weerawansa,VPyhd.27747,6,6,1996
Senudri,Wickremasinghe,Senudri.JMyoc.91386.Wickremasi,JMyoc.91386,17,0,1981
Senuli,Wijeratne,Senuli.IKxpj.46166.Wijeratne,IKxpj.46166,21,8,1992
Senullya,Wijesuriya,Senullya.UApze.39005.Wijesuriy,UApze.39005,1,6,1992
Senuthmi,Wijewardene,Senuthmi.QKndb.07093.Wijewarde,QKndb.07093,20,7,1983
Senuthri,Wikramanayake,Senuthri.HQvux.39411.Wikramana,HQvux.39411,19,6,1984
Seshana,Abayakoon,Seshana.USfjy.46772.Abayakoon,USfjy.46772,13,6,1988
Sethaksha,Abeynaike,Sethaksha.VCtyt.03003.Abeynaik,VCtyt.03003,5,1,1989
Sethuli,Amarasekara,Sethuli.KFjpj.05820.Amarasekar,KFjpj.05820,14,8,1984
Sethumli,Amarasinghe,Sethumli.KDqqm.34448.Amarasing,KDqqm.34448,2,6,1983
Seyali,Balasuriya,Seyali.RLlwm.22404.Balasuriya,RLlwm.22404,2,2,1993
Seyara,Bandara,Seyara.QBurd.15562.Bandara,QBurd.15562,9,2,1993
Shaheema,Bandaranaike,Shaheema.VVfam.86230.Bandarana,VVfam.86230,8,3,1986
Shahensa,Dahanayake,Shahensa.QHzmt.56774.Dahanayak,QHzmt.56774,19,6,1989
Shaini,Dassanayake,Shaini.PPveh.26834.Dassanayake,PPveh.26834,25,1,1996
Shalani,De Abrew,Shalani.LNrkb.55842.DeAbrew,LNrkb.55842,2,4,1985
Shaliya,De Alwis,Shaliya.WTbfn.73920.DeAlwis,WTbfn.73920,3,3,1991
Shalomi,Dissanayake,Shalomi.DSsiy.96901.Dissanayak,DSsiy.96901,7,0,1982
Shamendri,Ekanayake,Shamendri.DHwfl.42048.Ekanayak,DHwfl.42048,2,7,1994
Shanali,Fernando,Shanali.NQagp.54447.Fernando,NQagp.54447,1,10,1982
Shaneli,Fonseca,Shaneli.PMoxs.10351.Fonseca,PMoxs.10351,27,0,1987
Shaniya,Gamage,Shaniya.WYuvx.13240.Gamage,WYuvx.13240,19,9,1986
Shanuli,Gunaratne,Shanuli.QYwup.92387.Gunaratne,QYwup.92387,11,3,1979
Shanuthi,Gunasekera,Shanuthi.QCobq.13264.Gunaseker,QCobq.13264,14,6,1993
Shashera,Gunawardena,Shashera.ZTcio.83351.Gunawarde,ZTcio.83351,19,4,1985
Shashindi,Hathurusingha,Shashindi.DUgci.55942.Hathurus,DUgci.55942,8,6,1984
Shashini,Herath,Shashini.VKicp.43905.Herath,VKicp.43905,13,1,1979
Shashlina,Jayakody,Shashlina.QEufb.24395.Jayakody,QEufb.24395,12,9,1978
Shashlini,Jayaratne,Shashlini.DBxop.61309.Jayaratn,DBxop.61309,9,10,1987
Shashmi,Jayasinghe,Shashmi.CKofj.17383.Jayasinghe,CKofj.17383,6,0,1980
Shashni,Jayatilleka,Shashni.KXcyx.57623.Jayatillek,KXcyx.57623,10,10,1994
Shashvini,Jayatissa,Shashvini.PLuti.99610.Jayatiss,PLuti.99610,18,7,1980
Sheini,Jayawickrama,Sheini.TUtit.94522.Jayawickram,TUtit.94522,26,2,1996
Shelani,Jayewardene,Shelani.MQxxd.79653.Jayewarden,MQxxd.79653,2,5,1996
Sheli,Karunaratne,Sheli.GIojz.53989.Karunaratne,GIojz.53989,23,8,1987
Shelomi,Liyanage,Shelomi.CZjmh.78543.Liyanage,CZjmh.78543,5,7,1993
Shemaya,Mendis,Shemaya.BUohp.33961.Mendis,BUohp.33961,21,10,1980
Shenara,Nandasiri,Shenara.URcut.21769.Nandasiri,URcut.21769,27,1,1996
Shenu,Pathirana,Shenu.WHmyc.93245.Pathirana,WHmyc.93245,12,2,1983
Shenu,Peiris,Shenu.MOroy.58291.Peiris,MOroy.58291,16,3,1987
Shera,Perera,Shera.NCdnx.53750.Perera,NCdnx.53750,18,3,1996
Sheri,Premaratne,Sheri.AOzkf.94576.Premaratne,AOzkf.94576,27,10,1997
Sheshadi,Rajapaksa,Sheshadi.RGtae.24742.Rajapaksa,RGtae.24742,23,0,1989
Sheveena,Rajasekara,Sheveena.WDpbo.40052.Rajasekar,WDpbo.40052,12,2,1995
Sheyali,Ramanayake,Sheyali.NFzxo.26081.Ramanayake,NFzxo.26081,12,10,1994
Shivona,Ranaweera,Shivona.FGhrl.06702.Ranaweera,FGhrl.06702,16,9,1997
Shuwetha,Ratnayake,Shuwetha.RBzgc.66472.Ratnayake,RBzgc.66472,13,7,1989
Sihansa,Samarasekera,Sihansa.XGqdd.77827.Samaraseke,XGqdd.77827,21,7,1992
Sihathma,Samarasinghe,Sihathma.GVgna.24755.Samarasin,GVgna.24755,13,10,1996
Sineli,Senanayake,Sineli.JVmoc.73914.Senanayake,JVmoc.73914,24,0,1979
Sitheesha,Senasinghe,Sitheesha.EYfok.35448.Senasing,EYfok.35448,4,0,1980
Sitheja,Seneviratne,Sitheja.NDzkt.77248.Seneviratn,NDzkt.77248,16,2,1989
Sithika,Silva,Sithika.BNwgn.37004.Silva,BNwgn.37004,26,4,1979
Sithiki,Subasinghe,Sithiki.RZpbc.55022.Subasinghe,RZpbc.55022,17,9,1989
Sithili,Udawatte,Sithili.JFwwd.00930.Udawatte,JFwwd.00930,2,5,1982
Sithlini,Warakagoda,Sithlini.VLeot.65707.Warakagod,VLeot.65707,7,6,1992
Sithmi,Weeraratne,Sithmi.VDpyk.07095.Weeraratne,VDpyk.07095,3,0,1982
Sithni,Weerasekara,Sithni.LYflb.20970.Weerasekara,LYflb.20970,16,8,1985
Sithsisi,Weerawansa,Sithsisi.IDxko.37529.Weerawans,IDxko.37529,9,2,1988
Sithuki,Wickremasinghe,Sithuki.MLhya.25526.Wickremasi,MLhya.25526,14,4,1990
Sithuli,Wijeratne,Sithuli.MGwfd.94176.Wijeratne,MGwfd.94176,13,0,1996
Sithumdi,Wijesuriya,Sithumdi.VLvhc.02676.Wijesuriy,VLvhc.02676,18,6,1997
Sithumsara,Wijewardene,Sithumsara.RBxep.50084.Wijewar,RBxep.50084,26,6,1992
Sithuni,Wikramanayake,Sithuni.LYnvy.35231.Wikramanay,LYnvy.35231,24,7,1986
Siyathra,Abayakoon,Siyathra.MIcvs.36223.Abayakoon,MIcvs.36223,13,1,1996
Soraya,Abeynaike,Soraya.QOzbb.34463.Abeynaike,QOzbb.34463,23,0,1989
Sulakkya,Amarasekara,Sulakkya.IEwka.34206.Amaraseka,IEwka.34206,26,8,1991
Sumethma,Amarasinghe,Sumethma.HKphq.44160.Amarasing,HKphq.44160,6,1,1997
Sunelka,Balasuriya,Sunelka.KNbyd.21204.Balasuriya,KNbyd.21204,21,3,1983
Supipi,Bandara,Supipi.XDsrz.22500.Bandara,XDsrz.22500,7,8,1989
Surindi,Bandaranaike,Surindi.QMotf.82199.Bandaranai,QMotf.82199,1,1,1986
Suwani,Dahanayake,Suwani.SXnia.46553.Dahanayake,SXnia.46553,26,3,1996
Suwanya,Dassanayake,Suwanya.YColp.37656.Dassanayak,YColp.37656,6,6,1981
Suwindi,De Abrew,Suwindi.NPeci.67653.DeAbrew,NPeci.67653,18,9,1996
Suwini,De Alwis,Suwini.MTeeh.39391.DeAlwis,MTeeh.39391,11,5,1982
Talia,Dissanayake,Talia.XIwfj.02980.Dissanayake,XIwfj.02980,11,2,1995
Tamara,Ekanayake,Tamara.THjmw.79780.Ekanayake,THjmw.79780,9,4,1983
Tamilka,Fernando,Tamilka.JKxsn.78274.Fernando,JKxsn.78274,7,7,1994
Tanaka,Fonseca,Tanaka.YNcsv.08556.Fonseca,YNcsv.08556,9,9,1981
Tanavi,Gamage,Tanavi.XOodk.50268.Gamage,XOodk.50268,2,10,1985
Taneesha,Gunaratne,Taneesha.PRtbz.73173.Gunaratne,PRtbz.73173,2,6,1980
Tanushi,Gunasekera,Tanushi.MOvwx.14482.Gunasekera,MOvwx.14482,15,6,1996
Taruki,Gunawardena,Taruki.GItju.27541.Gunawardena,GItju.27541,12,7,1988
Tehani,Hathurusingha,Tehani.FCefg.02304.Hathurusing,FCefg.02304,20,2,1994
Tenuji,Herath,Tenuji.YRbvo.26159.Herath,YRbvo.26159,9,3,1988
Tenuli,Jayakody,Tenuli.MKrcl.25483.Jayakody,MKrcl.25483,15,1,1995
Tenuri,Jayaratne,Tenuri.QLqgz.57020.Jayaratne,QLqgz.57020,15,4,1988
Tesi,Jayasinghe,Tesi.NYltf.90857.Jayasinghe,NYltf.90857,24,6,1996
Thamalka,Jayatilleka,Thamalka.CImek.03761.Jayatille,CImek.03761,5,4,1996
Thamasha,Jayatissa,Thamasha.VRphl.36075.Jayatissa,VRphl.36075,1,10,1979
Thamashi,Jayawickrama,Thamashi.HQddt.14144.Jayawickr,HQddt.14144,1,5,1989
Thaneesha,Jayewardene,Thaneesha.MGwaw.16413.Jayeward,MGwaw.16413,6,1,1983
Thanuki,Karunaratne,Thanuki.HHamv.62477.Karunaratn,HHamv.62477,11,5,1984
Thanusha,Liyanage,Thanusha.JUwmi.23994.Liyanage,JUwmi.23994,17,0,1990
Thanushka,Mendis,Thanushka.YLtgk.00582.Mendis,YLtgk.00582,24,0,1987
Thanushki,Nandasiri,Thanushki.YXgwp.47679.Nandasir,YXgwp.47679,16,4,1995
Tharaki,Pathirana,Tharaki.BYkmz.09368.Pathirana,BYkmz.09368,10,6,1982
Tharindi,Peiris,Tharindi.PLvqr.97924.Peiris,PLvqr.97924,26,6,1992
Tharindya,Perera,Tharindya.RZchp.48601.Perera,RZchp.48601,8,0,1980
Tharini,Premaratne,Tharini.BZhie.76482.Premaratne,BZhie.76482,1,7,1981
Tharithma,Rajapaksa,Tharithma.QYbwo.86349.Rajapaks,QYbwo.86349,8,1,1979
Tharudi,Rajasekara,Tharudi.HQsrl.84687.Rajasekara,HQsrl.84687,23,6,1981
Tharuki,Ramanayake,Tharuki.YLjxv.43578.Ramanayake,YLjxv.43578,2,5,1987
Tharuli,Ranaweera,Tharuli.HUxtc.21149.Ranaweera,HUxtc.21149,3,7,1992
Tharullya,Ratnayake,Tharullya.YRqwh.51491.Ratnayak,YRqwh.51491,11,9,1979
Tharunadi,Samarasekera,Tharunadi.SZqpw.37056.Samarase,SZqpw.37056,27,7,1989
Tharupama,Samarasinghe,Tharupama.JUcoo.89257.Samarasi,JUcoo.89257,22,9,1987
Thashmi,Senanayake,Thashmi.ZBcls.14151.Senanayake,ZBcls.14151,22,4,1997
Thashmika,Senasinghe,Thashmika.KMsmc.09822.Senasing,KMsmc.09822,9,2,1988
Thashni,Seneviratne,Thashni.DOygj.99536.Seneviratn,DOygj.99536,2,9,1995
Thasini,Silva,Thasini.PPnxt.78644.Silva,PPnxt.78644,1,4,1988
Thathsarani,Subasinghe,Thathsarani.VXsxw.92299.Subasi,VXsxw.92299,6,1,1991
Thehani,Udawatte,Thehani.QYoex.95343.Udawatte,QYoex.95343,6,2,1986
Theja,Warakagoda,Theja.OOyvf.63900.Warakagoda,OOyvf.63900,10,7,1992
Thenuji,Weeraratne,Thenuji.AYrtu.58119.Weeraratne,AYrtu.58119,4,10,1986
Thenuki,Weerasekara,Thenuki.PPhmq.68546.Weerasekar,PPhmq.68546,2,2,1990
Thenuri,Weerawansa,Thenuri.OYvqb.99395.Weerawansa,OYvqb.99395,18,6,1987
Thenuthmi,Wickremasinghe,Thenuthmi.UMjnt.07807.Wickrema,UMjnt.07807,14,6,1983
Thepuli,Wijeratne,Thepuli.EQhsk.57298.Wijeratne,EQhsk.57298,12,2,1993
Thesari,Wijesuriya,Thesari.CIfud.89283.Wijesuriya,CIfud.89283,22,0,1993
Theshana,Wijewardene,Theshana.HJwqh.32882.Wijewarde,HJwqh.32882,3,10,1979
Theshari,Wikramanayake,Theshari.CYixr.21194.Wikramana,CYixr.21194,5,6,1989
Thevindi,Abayakoon,Thevindi.VRdkk.30624.Abayakoon,VRdkk.30624,6,3,1988
Thilara,Abeynaike,Thilara.ZHzjd.47179.Abeynaike,ZHzjd.47179,23,9,1989
Thilara,Amarasekara,Thilara.XSula.45855.Amarasekar,XSula.45855,9,6,1993
Thilinnya,Amarasinghe,Thilinnya.QEmyp.08228.Amarasin,QEmyp.08228,13,0,1982
Thimali,Balasuriya,Thimali.FMnfu.46943.Balasuriya,FMnfu.46943,20,8,1984
Thimethya,Bandara,Thimethya.ASupv.41476.Bandara,ASupv.41476,19,6,1983
Thinara,Bandaranaike,Thinara.VDjux.80811.Bandaranai,VDjux.80811,5,2,1991
Thinithi,Dahanayake,Thinithi.ISxhz.73300.Dahanayak,ISxhz.73300,15,4,1997
Thinudi,Dassanayake,Thinudi.RJwoy.06555.Dassanayak,RJwoy.06555,15,5,1983
Thinugi,De Abrew,Thinugi.ASnys.65214.DeAbrew,ASnys.65214,10,5,1988
Thinumi,De Alwis,Thinumi.WLzwe.13027.DeAlwis,WLzwe.13027,14,10,1979
Thiruni,Dissanayake,Thiruni.GQfvg.58776.Dissanayak,GQfvg.58776,1,8,1983
Thisallya,Ekanayake,Thisallya.UDuqa.42511.Ekanayak,UDuqa.42511,18,5,1983
Thisandi,Fernando,Thisandi.MHixd.75748.Fernando,MHixd.75748,5,10,1980
Thisansa,Fonseca,Thisansa.AQvgy.39932.Fonseca,AQvgy.39932,13,1,1989
Thisarani,Gamage,Thisarani.NIreo.83005.Gamage,NIreo.83005,20,4,1985
Thisari,Gunaratne,Thisari.EPrkj.95046.Gunaratne,EPrkj.95046,23,6,1980
Thisethmi,Gunasekera,Thisethmi.GVlgd.25612.Gunaseke,GVlgd.25612,6,10,1982
Thishansha,Gunawardena,Thishansha.GZdce.56613.Gunawar,GZdce.56613,22,2,1993
Thisidi,Hathurusingha,Thisidi.IAret.14554.Hathurusin,IAret.14554,19,5,1984
Thisini,Herath,Thisini.GHvcl.73275.Herath,GHvcl.73275,8,8,1986
Thisuli,Jayakody,Thisuli.CIpfo.35495.Jayakody,CIpfo.35495,25,9,1985
Thisumi,Jayaratne,Thisumi.WXuuo.75933.Jayaratne,WXuuo.75933,27,7,1993
Thisuni,Jayasinghe,Thisuni.NPrsn.09400.Jayasinghe,NPrsn.09400,7,8,1994
Thivenya,Jayatilleka,Thivenya.IFzkv.03194.Jayatille,IFzkv.03194,22,3,1996
Thivindi,Jayatissa,Thivindi.EWpwc.93879.Jayatissa,EWpwc.93879,4,7,1996
Thrishni,Jayawickrama,Thrishni.YAbxx.06832.Jayawickr,YAbxx.06832,23,9,1986
Thullya,Jayewardene,Thullya.STssh.49781.Jayewarden,STssh.49781,4,8,1995
Thulnethi,Karunaratne,Thulnethi.YZaqj.43013.Karunara,YZaqj.43013,25,0,1985
Thushadi,Liyanage,Thushadi.JGews.81725.Liyanage,JGews.81725,27,0,1989
Thusumli,Mendis,Thusumli.JGhez.48116.Mendis,JGhez.48116,18,7,1993
Thuwesha,Nandasiri,Thuwesha.NPmro.88907.Nandasiri,NPmro.88907,25,5,1984
Timari,Pathirana,Timari.ACfun.07900.Pathirana,ACfun.07900,24,7,1982
Timasha,Peiris,Timasha.RDjiq.53035.Peiris,RDjiq.53035,13,2,1996
Tinara,Perera,Tinara.KFrkp.93747.Perera,KFrkp.93747,7,9,1979
Tisadi,Premaratne,Tisadi.UAzpp.98417.Premaratne,UAzpp.98417,18,5,1978
Tisari,Rajapaksa,Tisari.BRkur.14665.Rajapaksa,BRkur.14665,15,1,1985
Tishani,Rajasekara,Tishani.VPnjl.61672.Rajasekara,VPnjl.61672,17,10,1994
Udani,Ramanayake,Udani.JSpjo.28686.Ramanayake,JSpjo.28686,14,3,1978
Umaya,Ranaweera,Umaya.VXmfp.91302.Ranaweera,VXmfp.91302,18,9,1982
Umeshika,Ratnayake,Umeshika.ZPkkn.52977.Ratnayake,ZPkkn.52977,5,0,1995
Ushmila,Samarasekera,Ushmila.BVuca.39482.Samaraseke,BVuca.39482,12,1,1989
Uthara,Samarasinghe,Uthara.DOpkn.88422.Samarasingh,DOpkn.88422,11,1,1979
Uthumi,Senanayake,Uthumi.WIfeh.51883.Senanayake,WIfeh.51883,25,4,1981
Uvanya,Senasinghe,Uvanya.PUvgl.40037.Senasinghe,PUvgl.40037,7,2,1980
Uvindi,Seneviratne,Uvindi.GLnxr.78046.Seneviratne,GLnxr.78046,15,2,1995
Vakshitha,Silva,Vakshitha.QKwki.35420.Silva,QKwki.35420,24,5,1992
Vatheesha,Subasinghe,Vatheesha.WKeps.00236.Subasing,WKeps.00236,24,2,1989
Venudi,Udawatte,Venudi.UFfgg.78676.Udawatte,UFfgg.78676,25,0,1983
Venuki,Warakagoda,Venuki.ATtcn.01083.Warakagoda,ATtcn.01083,21,8,1994
Venuthi,Weeraratne,Venuthi.FPrlu.76853.Weeraratne,FPrlu.76853,25,1,1991
Vichakshani,Weerasekara,Vichakshani.XDdfw.17502.Weeras,XDdfw.17502,4,5,1979
Vidasna,Weerawansa,Vidasna.GVpay.55552.Weerawansa,GVpay.55552,7,9,1993
Vidudini,Wickremasinghe,Vidudini.LJmpm.62919.Wickremas,LJmpm.62919,16,9,1986
Vidulana,Wijeratne,Vidulana.RClfk.34848.Wijeratne,RClfk.34848,11,2,1984
Vidunadi,Wijesuriya,Vidunadi.SLhma.30174.Wijesuriy,SLhma.30174,11,10,1991
Vidusha,Wijewardene,Vidusha.WYhey.85684.Wijewarden,WYhey.85684,6,10,1992
Vihagi,Wikramanayake,Vihagi.SXbar.42298.Wikramanaya,SXbar.42298,17,5,1995
Vihandi,Abayakoon,Vihandi.PPiat.69844.Abayakoon,PPiat.69844,7,4,1993
Vihanga,Abeynaike,Vihanga.KYvza.43361.Abeynaike,KYvza.43361,17,0,1991
Vihangi,Amarasekara,Vihangi.PEnae.86129.Amarasekar,PEnae.86129,20,1,1990
Vihansa,Amarasinghe,Vihansa.MJajn.78003.Amarasingh,MJajn.78003,24,3,1992
Vihari,Balasuriya,Vihari.FJpbm.45207.Balasuriya,FJpbm.45207,8,2,1982
Viheli,Bandara,Viheli.QSrfb.73490.Bandara,QSrfb.73490,5,2,1989
Vihini,Bandaranaike,Vihini.JVtsx.32562.Bandaranaik,JVtsx.32562,4,5,1985
Vimalsha,Dahanayake,Vimalsha.VInor.91301.Dahanayak,VInor.91301,19,2,1982
Vimalshi,Dassanayake,Vimalshi.QPijl.40006.Dassanaya,QPijl.40006,6,4,1993
Vimansha,De Abrew,Vimansha.ZDvcn.22790.DeAbrew,ZDvcn.22790,8,9,1982
Vimarshana,De Alwis,Vimarshana.LBijt.61866.DeAlwis,LBijt.61866,6,0,1992
Vimasha,Dissanayake,Vimasha.DFmwt.24090.Dissanayak,DFmwt.24090,25,4,1989
Vimashi,Ekanayake,Vimashi.AOotr.52399.Ekanayake,AOotr.52399,17,6,1994
Vimashi,Fernando,Vimashi.WEbjp.89810.Fernando,WEbjp.89810,1,2,1981
Vinddya,Fonseca,Vinddya.SXhpd.95255.Fonseca,SXhpd.95255,23,1,1995
Vindi,Gamage,Vindi.PCnhi.93033.Gamage,PCnhi.93033,14,9,1985
Vinduli,Gunaratne,Vinduli.SAvzr.48583.Gunaratne,SAvzr.48583,8,10,1992
Vinoshi,Gunasekera,Vinoshi.TDrjs.96829.Gunasekera,TDrjs.96829,21,2,1989
Vinudi,Gunawardena,Vinudi.JTglr.52825.Gunawardena,JTglr.52825,14,3,1994
Vinudini,Hathurusingha,Vinudini.VCkww.70722.Hathurusi,VCkww.70722,26,2,1988
Vinugi,Herath,Vinugi.AYqof.73100.Herath,AYqof.73100,9,2,1988
Vinuki,Jayakody,Vinuki.MEzpr.49915.Jayakody,MEzpr.49915,8,3,1996
Vinuli,Jayaratne,Vinuli.PUygq.15252.Jayaratne,PUygq.15252,17,1,1983
Vinuri,Jayasinghe,Vinuri.SHsvc.26429.Jayasinghe,SHsvc.26429,15,7,1986
Vinuthi,Jayatilleka,Vinuthi.WBqzn.43305.Jayatillek,WBqzn.43305,21,1,1984
Virangi,Jayatissa,Virangi.EVjba.90577.Jayatissa,EVjba.90577,6,1,1984
Vishani,Jayawickrama,Vishani.DTomz.48325.Jayawickra,DTomz.48325,13,5,1990
Vishmi,Jayewardene,Vishmi.VIzsv.62808.Jayewardene,VIzsv.62808,2,10,1993
Vishni,Karunaratne,Vishni.VOafl.58226.Karunaratne,VOafl.58226,14,7,1987
Vishvi,Liyanage,Vishvi.VAdbj.97417.Liyanage,VAdbj.97417,26,4,1993
Vithila,Mendis,Vithila.PCpda.65252.Mendis,PCpda.65252,25,2,1978
Vithuli,Nandasiri,Vithuli.CRlrt.33481.Nandasiri,CRlrt.33481,26,7,1985
Vithumi,Pathirana,Vithumi.DKkvw.63797.Pathirana,DKkvw.63797,1,6,1988
Vithuni,Peiris,Vithuni.CBgiv.02480.Peiris,CBgiv.02480,10,10,1995
Viveka,Perera,Viveka.ETkva.03751.Perera,ETkva.03751,19,8,1983
Voleesha,Premaratne,Voleesha.QRifz.97322.Premaratn,QRifz.97322,12,1,1982
Wanushi,Rajapaksa,Wanushi.SUzkl.55045.Rajapaksa,SUzkl.55045,1,3,1991
Warnitha,Rajasekara,Warnitha.RVxra.57635.Rajasekar,RVxra.57635,15,0,1997
Warushi,Ramanayake,Warushi.CRrzp.35835.Ramanayake,CRrzp.35835,2,7,1989
Wethmini,Ranaweera,Wethmini.JFhge.12329.Ranaweera,JFhge.12329,14,3,1980
Yahali,Ratnayake,Yahali.QTrmi.09548.Ratnayake,QTrmi.09548,12,3,1995
Yahangi,Samarasekera,Yahangi.APxlk.37525.Samaraseke,APxlk.37525,1,2,1984
Yahansa,Samarasinghe,Yahansa.ZIsxv.45577.Samarasing,ZIsxv.45577,21,0,1979
Yaminsa,Senanayake,Yaminsa.SEdzk.09316.Senanayake,SEdzk.09316,21,4,1986
Yansili,Senasinghe,Yansili.CXsoh.55006.Senasinghe,CXsoh.55006,13,8,1996
Yanuri,Seneviratne,Yanuri.ZYkky.98465.Seneviratne,ZYkky.98465,4,3,1978
Yanushi,Silva,Yanushi.GEbyt.42536.Silva,GEbyt.42536,3,8,1985
Yasasvi,Subasinghe,Yasasvi.QHcsp.46510.Subasinghe,QHcsp.46510,18,9,1990
Yashika,Udawatte,Yashika.OBdol.45324.Udawatte,OBdol.45324,1,10,1993
Yashni,Warakagoda,Yashni.KIosi.73625.Warakagoda,KIosi.73625,23,2,1995
Yasini,Weeraratne,Yasini.YQogg.24281.Weeraratne,YQogg.24281,20,2,1981
Yasintha,Weerasekara,Yasintha.KRclz.27902.Weeraseka,KRclz.27902,9,10,1989
Yehansa,Weerawansa,Yehansa.GIbjq.08658.Weerawansa,GIbjq.08658,26,8,1979
Yehara,Wickremasinghe,Yehara.TSsqg.30237.Wickremasin,TSsqg.30237,21,5,1986
Yehari,Wijeratne,Yehari.BDayl.70700.Wijeratne,BDayl.70700,12,0,1987
Yeheni,Wijesuriya,Yeheni.JZpyw.45050.Wijesuriya,JZpyw.45050,9,1,1996
Yemansa,Wijewardene,Yemansa.RIkas.67296.Wijewarden,RIkas.67296,14,5,1984
Yenara,Wikramanayake,Yenara.DBjvt.73900.Wikramanaya,DBjvt.73900,8,6,1993
Yenelka,Abayakoon,Yenelka.DHnqd.07606.Abayakoon,DHnqd.07606,25,3,1983
Yenma,Abeynaike,Yenma.MVgmk.15635.Abeynaike,MVgmk.15635,17,6,1982
Yenuki,Amarasekara,Yenuki.MCcti.98054.Amarasekara,MCcti.98054,7,7,1987
Yenuli,Amarasinghe,Yenuli.QWufm.19525.Amarasinghe,QWufm.19525,13,5,1989
Yenusha,Balasuriya,Yenusha.NWfxw.01056.Balasuriya,NWfxw.01056,5,5,1982
Yenushi,Bandara,Yenushi.MFhbm.63056.Bandara,MFhbm.63056,1,8,1997
Yeshika,Bandaranaike,Yeshika.MSthr.64839.Bandaranai,MSthr.64839,14,8,1987
Yethma,Dahanayake,Yethma.TEoei.41367.Dahanayake,TEoei.41367,4,2,1996
Yethmi,Dassanayake,Yethmi.ZFqch.59954.Dassanayake,ZFqch.59954,5,1,1995
Yomashi,De Abrew,Yomashi.XWmfj.66191.DeAbrew,XWmfj.66191,7,4,1983
Yuhansa,De Alwis,Yuhansa.KAsxa.62862.DeAlwis,KAsxa.62862,5,1,1989
Yupasna,Dissanayake,Yupasna.GQohv.41552.Dissanayak,GQohv.41552,10,8,1984
Yuthmi,Ekanayake,Yuthmi.QQxdd.39119.Ekanayake,QQxdd.39119,16,1,1984
Yuvani,Fernando,Yuvani.PAeit.41839.Fernando,PAeit.41839,15,4,1982